:10000000F80B00209106000035070000315A00006F
:10001000515A0000715A0000B15A0000915A000074
:10002000000000000000000000000000092B00009C
:10003000350700000000000035070000350700000C
:100040000000000000000000000000004B33000032
:100050000000000035070000000000000000000064
:1000600035070000350700003507000035070000A0
:1000700000000000350700003507000035070000CC
:1000800035070000350700000000000000000000F8
:1000900035070000350700000000000000000000E8
:1000A00035070000000000000000000035070000D8
:1000B0003507000035070000350700003507000050
:1000C0003507000035070000350700003507000040
:1000D00035070000000000003507000000000000A8
:1000E0003507000000000000350700000000000098
:1000F00035070000000000000000000000000000C4
:1001000000000000350700000000000000000000B3
:1001100000000000000000000000000000000000DF
:100120000000000035070000000000000000000093
:1001300000000000000000000000000000000000BF
:100140003507000000015F5F02000000FE0B0000A9
:10015000992B000080060000000000000000000055
:100160000000000000000000000000000100FFC3CC
:10017000000000C4201200200000000001015F5FA9
:10018000030100001F010000B10400000000000096
:10019000000000000100000001000000000000005D
:1001A000000000000000000000000000000000004F
:1001B0000000000070000000D05E00008000000021
:1001C000000F000001000000F102000001015F5F6C
:1001D000040100001F0100001F06000000000000D5
:1001E000000000000000000001000000000000000E
:1001F00000000000000000000000000000000000FF
:1002000000000000DB5E0000400000000507000069
:08021000010000000B050000D5
:1002200038B50025054C29462046D4F80024C4F8EA
:10023000045405F0A6FCC4F8005438BD200C00207E
:1002400037B511460022CDE9002242680346402A14
:10025000046845D1228D150A032D17D0012D37D002
:1002600022482468D0F80404AA1ECDE90040082AD8
:1002700039D8DFE802F0050B0F14191E23283000CF
:100280006A46184600F037F903B030BD184600F052
:1002900020F9F9E76A46184600F01EF9F4E76A46C5
:1002A000184600F013F9EFE76A46184600F017F910
:1002B000EAE76A46184600F015F9E5E76A46184687
:1002C00000F013F9E0E76A46184600F011F9DBE7A1
:1002D00000F014F9D8E76A46184600F013F9D3E79E
:1002E0006FF08000D0E76FF08500CDE7200C002094
:1002F0002DE9F04F05680446A3B0002D40F0B18011
:100300002022294602A805F03CFC12AF20222946F3
:100310000AA805F036FC40222946384605F031FC93
:10032000E26904F11C039846B2B10426E26A04F1C2
:100330002C03EAB10425EEB96FF08306304623B0F2
:10034000BDE8F08F002EF1D053F8041D3246013E77
:100350000029F7D01646E9E70326F5E7002DEAD095
:1003600053F8041D2A46013D0029F7D01546E2E75F
:100370000325F5E740233A460021606805F03EFC7E
:100380004028D9D1CDE902700127DFF8DCA00DF1BA
:10039000080904F1100BBE421FD10AAF38460021F4
:1003A000314A08EB8509D2F80034C84533D109B188
:1003B000C2F80034A3683146C2F8043402A82B46C0
:1003C0000AAAFFF73DFF4FF000080646454507F132
:1003D00008073DD1FFF724FFB0E75BF8043F1A1D83
:1003E00021D8DAF80004D91C21F00301C0F580629D
:1003F000914218D8014400EB0A02CAF80014606860
:100400003946019205F0FAFB019AC9F80C00013750
:1004100049F8082FBFE758F804EF1EF1040F07D979
:1004200009B1C2F80034FFF7FBFE6FF08C0685E7D8
:100430000EF1030C2CF0030CC3F5806AD44500F1D7
:100440000800EDD8D11840E9021E63440121ACE751
:10045000414657E90223606805F0E5FB08F1010811
:10046000B4E76FF0850669E7200C002008B5282264
:100470000021024805F085FB002008BD281000205F
:1004800010B5044C0F222046034905F055FB2046C9
:1004900010BD00BF511000202206000008B5012148
:1004A000024803F0E7FA002008BD00BF501000200A
:1004B00008B5FFF7DBFF40B9FFF7E2FFFFF7EEFFFC
:1004C00018B9BDE8084003F05FBB08BD6FF08500B8
:1004D00070476FF0850070476FF0850070476FF0D0
:1004E000850070476FF0850070476FF0850070479A
:1004F0006FF0850070476FF085007047D1E900010B
:1005000003F006BB6FF085007047F0B50368054641
:10051000B3F57D7FA7B007D040F2F532934207D004
:100520006FF0850027B0F0BD01F088FC0020F9E7EE
:1005300000243C22214607A8CDE90244CDE9044429
:10054000069405F01EFB3C22214617A8169405F0E0
:1005500018FBEA69019405F11C0302B30426EA6A58
:1005600005F12C033AB30424731E012B52D8012C3D
:1005700050D80423002168680DEB030205F03EFB10
:1005800004281AD06FF08000CCE7002EE7D053F893
:10059000041D3246013E0029F7D01646DFE7032648
:1005A000F5E7002CE0D053F8041D2246013C002959
:1005B000F7D01446D8E70324F5E7022E16D16E696A
:1005C000402E29D806AF33463A460121686805F027
:1005D00015FB8642D6D1CDE9027602A944B922465E
:1005E000019801F035FE044620469BE70021F5E71F
:1005F0002B6A402BC6D816AACDE90423019804AA79
:1006000001F026FEDDE9042304460021686805F0B8
:100610000AFBE9E7012085E76FF0890082E7002007
:1006200070474D62656420544C5320332E362E3172
:1006300000000000000000000000000000000000BA
:1006400068300000010000008936000061360000BB
:10065000407C00008010002047000000407C00002B
:10066000200C002000000000407C0000000C002056
:10067000000000009C110020C2050000200C00209A
:1006800018010000000C00200800000002F090BCDF
:1006900008B572B61E4A1F4B9A601F4B83F3098838
:1006A0001E4B83F30A8883F30B881D4B16A1D1E9F7
:1006B0000001C3E9000100F089F81A4B1A498B4286
:1006C00012D30020194B1A498B4218D302F0F0FFC5
:1006D000186850F82240586840F822400132986863
:1006E0008242F5D30C33EAE70022F8E71C6844F8AD
:1006F000220001325C68A242F8D30833E4E700220A
:10070000F8E700BFAFF30080A5EDF5FEA5EDF5FE1F
:100710000000000000ED00E0F80B002000040020C5
:10072000F80B00205006000074060000740600005C
:100730008C060000EFF30880EFF309812DE9F00F3C
:100740006B46724600F006F908B0FFF79FFFFEE720
:1007500008B5EFF31083012B0C4A07D1126ABFF3DF
:100760004F8F511C4A424A41104608BD01F0D6FB4A
:1007700000B172B6126ABFF34F8F531C5A425A41EE
:1007800001F0CCFB0028EFD062B6EDE70080FF005F
:1007900008B5EFF31083012B0B4A06D1D269BFF3E2
:1007A0004F8F02F00102104608BD01F0B7FB00B107
:1007B00072B6D269BFF34F8F02F0010201F0AEFBB7
:1007C0000028F0D062B6EEE70080FF00584A10B56E
:1007D000D2F8D03043F00203C2F8D03001F09EFBD3
:1007E00030B14FF050230022C3F81421C3F8182170
:1007F00001F0A3FB28B101224E4BC3F8382AC3F8FD
:1008000078254FF47F02D2F83031D2F83421BFF38B
:100810004F8FC3F30B03092B05D1012A1EBF012201
:10082000444BC3F8782501F088FB18B10E22424BE7
:10083000C3F8E42E01F072FB30B100223D4BC3F847
:100840000C270122C3F810270022D30003F57F03F1
:10085000D3F80013BFF34F8F013108D0D3F8001342
:100860000132D3F80433B2F5807F0B60EDD1EFF3A2
:100870001084FFF78DFF00284DD0BFF34F8F2F4B13
:10088000D3F80024012AFBD1C3F80425D3F80024AF
:10089000012AFBD1012C03D001F040FB00B172B65C
:1008A000FFF776FF58B1264AD36923F00103D361DD
:1008B000BFF34F8F214AD2F80034012BFBD1FFF751
:1008C00047FF68B11E4A136A23F0FF0343F0200379
:1008D0001362BFF34F8F194AD2F80034012BFBD1BA
:1008E000012C03D001F01AFB00B162B60022134BB9
:1008F000C3F80425D3F80024012AFBD1BFF34F8F9E
:100900000B49104BCA6802F4E0621343CB60BFF39B
:100910004F8F00BFFDE7FFF71BFF0028ADD1044A52
:10092000D2F88C3043F44063C2F88C3010BD00BF65
:1009300000ED00E00040005000A003500090035084
:100940000080FF000400FA057C22014905F0F4B89C
:10095000BC18002038B51D46394B3A4C5B68C3F3D0
:1009600008032360EFF3038363655306C4E90120A2
:10097000E1603BD502F00C020C2A08BF0846014694
:1009800020612022304805F0D7F825B120222946E1
:100990002E4805F0D1F82A4B9A6AA265D96AE1651A
:1009A000986B206602F400406066586BA06602F007
:1009B0008000E0669A62D962D3F8E4202267D3F817
:1009C000E810616702F04001A167C3F8E42000F07D
:1009D0006FF80E211E4801F0C2FA2268D31E042BC4
:1009E00022D8DFE803F00F15181B1E00EFF39483E5
:1009F000990704D5130702D5EFF38980BFE7EFF31A
:100A00008880BCE70C211348BDE8384001F0A7BA44
:100A100012211148F8E70B211048F5E70D21104885
:100A2000F2E70E210F48EFE70F2A98BF1421BDE827
:100A3000384089BF25210C480C48103A01F05CBCB5
:100A400000ED00E0BC180020D0180020F0180020B5
:100A50008A33000098330000A4330000B63300004E
:100A6000C1330000CE330000DC330000F03300005F
:100A70002DE9F34106460F460C4DD5F82C80C047B2
:100A800010F00104FBD1394630466B69984740B9F4
:100A9000C047C307FCD42B6A019302B0BDE8F04104
:100AA0001847204602B0BDE8F08100BF18340000AE
:100AB00010B5094C0020A368984723690220984785
:100AC0004FF4E131A46A0120A04701211520A0477D
:100AD0000122024B1A6010BD1834000038190020A2
:100AE00010B5054C002023699847E3689847002219
:100AF000024B1A6010BD00BF1834000038190020E6
:100B0000064B82B01868002382B262F30F03000C18
:100B100060F31F43184602B0704700BF583400000E
:100B2000014B1869704700BF80100020014B5869C5
:100B3000704700BF8010002038B50C4D0C4695F86A
:100B4000203013B94FF0FF3038BD0A460146284621
:100B500000F0A8FF064B984205D00B3B9842F1D11C
:100B600000206C61F0E76FF00100EDE780100020DD
:100B70000B00AD0BF0B51B4E054696F820300C4629
:100B800091B01BB94FF0FF3011B0F0BD00F06043E1
:100B9000B3F1005F21D100230A460146304600F040
:100BA00031FC114B98421AD00B3B9842EAD1346188
:100BB00011E0A71B402F28BF4027A9193A466846D5
:100BC00004F0BAFF39466846FFF7D4FF0028DBD1AE
:100BD0004036B442EDD80020D6E70026F9E76FF0A2
:100BE0000100D1E7801000200B00AD0BC3B2012B38
:100BF00010B540F096804DF6C023994270D028D8A9
:100C0000B1F5615F6FD011D8B1F5965F6DD008D89E
:100C1000B1F5966F6BD0B1F5166F6BD06FF0070022
:100C20005DE0B1F5165FF9D1454B33E047F612238D
:100C3000994262D007D8B1F5964F61D0B1F5E14F36
:100C4000ECD1404B26E0B1F5164FE7D14FF41D0330
:100C500020E03D4B994255D011D8B1F5E13F54D039
:100C600007D8B1F5614F53D0B1F5963FD6D1374B88
:100C700010E0B1F5613FD1D14FF06C730AE0B1F5EE
:100C8000612F48D0324B994248D0B1F5E12FC5D100
:100C90004FF0E86310F4E06F46D110F4404103D008
:100CA000B1F5804F43D1102110F4405203D0B2F57A
:100CB000805F3FD10E2210F4403003D0B0F5403FAA
:100CC0003BD10120234C20766276E361A1760A4372
:100CD00024681043C4F82435C4F86C05002010BD06
:100CE0004FF46503D6E71C4BD4E71C4BD2E74FF417
:100CF0009E23CFE74FF41D23CCE74FF40003C9E751
:100D0000174BC7E74FF08063C4E74FF0EB73C1E7C1
:100D10004FF46B03BEE74FF07063BBE74FF08053B7
:100D2000B8E76FF00300DAE76FF00800D7E76FF07D
:100D30000A00D4E76FF00900D1E76FF00B00CEE7AF
:100D40000050270000C0750090D0030000903A01C9
:100D500040420F008010002000F03A0000B0130065
:100D600000A04E0010B5114C204600F009FE0021F5
:100D7000206884F8201000F08BFF226842F30732CD
:100D8000002A11DB012153099B0003F1604303F5A5
:100D90006143D3F8800202F01F0201FA02F202431B
:100DA000C3F88022D3F88032002010BD80100020CC
:100DB00010B5264C002120688EB000F05BFF226841
:100DC00042F30732002A12DB012053099B0003F192
:100DD000604303F56143D3F8801202F01F0200FA6A
:100DE00002F221EA0202C3F88022D3F880322422E0
:100DF000002105A804F0C5FED4E902124FF0FF332C
:100E0000CDE90133CDE903334FF0EB730B930723A7
:100E100001A88DF8363001F0C0F8014600220B48D9
:100E200000F03AFA0A4B98420DD10C9B0020238324
:100E30001B0CA3760B9BC4E90400E361012384F837
:100E400020300EB010BD6FF00100FAE780100020D6
:100E50000000AD0B7FB500250C46C0F808511646C2
:100E6000D0F80821D0F8002222F02002C0F8002299
:100E7000104AC0F8082301F0E0F8A560256104F1EC
:100E80004C03D3E8EF1F21F47F0121F47041C3E844
:100E9000E21F002AF5D110222946684604F071FEAF
:100EA000042368468DF800300196D4E90013984772
:100EB00004B070BD10020A0000F01F03400909D100
:100EC000074A02EB8303D3F80012064A0A40C3F82C
:100ED000002270470022803352F82330FFDE00BF2B
:100EE00000258450F0F8FCFF2DE9F04F804690F883
:100EF00004A05020664F0E4600FB0A70416885B082
:100F000049B113F0020304D0836B002B00F0B280D0
:100F10000123009300E000914FF0500909FB0A7390
:100F2000DB6CD90600F1A6804FF0010BB3180293D9
:100F3000029BB34200F0A78006F06043039398F849
:100F40000450D8F8004009FB05739A6B9AB9039BCB
:100F5000B3F1005F40F09980019200F0E5FD09FBDC
:100F60000572D16C204601F0010101F034F828B976
:100F700000F0E2FDE3E701230193EEE7516C334615
:100F80000029BCBFD4F84C155164019A42B109FB49
:100F900005713078D1E90E23D054D1E90E321344D3
:100FA0001BB1C4F84435C4F848B50022C4F8202168
:100FB000D4F82011C4F85821D4F85811C4F850219D
:100FC000D4F850210822C4F80025009AE2B14FF469
:100FD0008003C4F80433C4F808B000F0ADFD50231A
:100FE00003FB0A72516800294BD1D26C120748D515
:100FF00003FB0A734C33D3E8EF1F21F00801C3E869
:10100000E21F002A36D0F6E7C4F808B0019300F0DA
:1010100093FD09FB0572D16C019B01F00101204693
:10102000019300F0D8FF8446019BD4F84C05D4F816
:101030004425BCF1000F0DD19342F0D005EB85059E
:1010400007EB0515D1B100F06FFD2946204601F0F0
:101050003EF8C2E705EB8505934207EB0515F1D194
:101060000028EFD100F060FD2946204601F02FF85E
:1010700000F062FD074805B0BDE8F08FC4F80CB081
:10108000E1E7013654E70448F5E70448F3E700BF19
:101090003C1900200800AD0B0000AD0B0400AD0BA7
:1010A000430904D10123034A83409360704700231E
:1010B0009B60FFDE0025845000F01F0340090BD128
:1010C000084A02EB8302D2F80012074B0B4043F0B0
:1010D0000303C2F8003270470022803352F82330F5
:1010E000FFDE00BF00258450F0F8FCFF2DE9F84337
:1010F00091F8303005460C4690F804800F6853BBD9
:101100005023DFF85091781C03FB0893DE6C46F007
:101110000072DA6404D03846FFF7C2FFFFF7CCFF55
:101120006068411C01D0FFF7C7FE94F82C30012BFA
:1011300011D1502303FB0893E06846F02066421C5F
:10114000DE6401D0FFF7B8FEA068431C03D0FFF7B0
:10115000A7FFFFF7B1FF94F82F0038B950223D4B9D
:1011600002FB0833DA6C42F08072DA6494F82CC027
:1011700094F82D1094F82E202B68D4F828E041EA3A
:101180000C010A43E668D4E90198C3F824E5C3F8E2
:101190006C2550B9BCF1010FC3F80C75C3F8149558
:1011A00004BFC3F80885C3F81065D3F8682503F2B7
:1011B0006458012A08BFDA60D3F86425012A13D1E4
:1011C000082149F64046244FC3F8001547F00107AF
:1011D0005A60D8F800309BBB2B68D3F88024C3F842
:1011E00080240022C3F8002500212B6894F83220C7
:1011F000C3F81011D3F81001C3F82011D3F820015F
:10120000C3F82411D3F82401C3F84411D3F84401DE
:10121000C3F85811D3F8581143F307335201002B88
:10122000D2B212DB0D49C81880F8002301225809F8
:1012300003F01F0302FA03F341F82030BDE8F883FE
:101240004020B847013EC4D1C6E7054903F00F036B
:10125000CA54F3E73C1900206034000000E100E0CC
:1012600014ED00E000F01F0340090BD1084A02EB27
:101270008302D2F80012074B0B4043F00203C2F87E
:10128000003270470022803352F82330FFDE00BF67
:1012900000258450F0F8FCFF2DE9F34790465022DA
:1012A00090F80490514C02FB09FA04EB0A070D4632
:1012B00097F848100646002940F0858009EB890020
:1012C00004EB001004F05DFC2B69AA6944F80A30B5
:1012D0006B69BB6302B1013A502303FB0943DA6334
:1012E0002A6A042A81BFEA699A610022DA6195F8C4
:1012F0003130B8F1000F37D083F001073F0233B12E
:10130000502303FB0943DA6C42F00102DA645023F4
:1013100003FB09440123C4F8048084F8483034688E
:10132000D4F84C2112BB29463046FFF7DFFE0822D5
:10133000002334688DF80730C4F800250DF107024A
:10134000C4F84425C4F8483501230A25A360E360A6
:10135000D4F85831002B38D1254B402043F00103FD
:101360009847013DF4D128E04746C8E708224FF0EE
:101370006409C4F8002563601D4B43F0010AD4F8EA
:101380004431F3B9D4F82431DBB94FF42070D0479D
:10139000B9F10109F3D14B460022C4F84C21D4F82D
:1013A0004C11C4F81021D4F81011C4F84421D4F819
:1013B0004411C4F80025002BB5D10E4802B0BDE899
:1013C000F0870123E8E70C48F8E70023C4F8203150
:1013D0009845D4F82021C4F80035084B08BF0023F5
:1013E0001F4333680648C3F80473E7E73C1900203D
:1013F000603400000100AD0B0C00AD0B10020A00C0
:101400000000AD0B2DE9F04784460F469E46164678
:101410000579002A51D04FF0500ADFF8AC80D0F89F
:1014200000900AFB058ADAF8044074B96BB9DAF85F
:101430002C50002D43D1CAF82C20FFF755FD04464F
:10144000CAF82C502046BDE8F0871EF0030F07D0E5
:10145000734632463946BDE8F0476046FFF744BD63
:1014600007F06043B3F1005F4FF0500414D104FB68
:10147000058400F059FBE26A1AB1144C00F05CFBE1
:10148000E0E7C4E90A7605EB8505484608EB051157
:1014900000F028FE0E4CF1E704FB0584A36B83B13A
:1014A00000F042FBE36A002BE7D1E36C012243F03A
:1014B0000203C4E90A76E364E5E7064CC2E7034C9D
:1014C000C0E7054CBEE700BF3C1900200B00AD0B88
:1014D0000000AD0B0600AD0B0A00AD0B2DE9F84383
:1014E00050230679284D046803FB0653D4F804738F
:1014F000DA6AC4F8087322B92448C4F80473BDE852
:10150000F88306EB860005F14C024FEA001802EB67
:101510000012D2E8EFCF4CF0080CC2E8E0CF002870
:10152000F7D10122E26031B3D96C01EA02094946E0
:10153000204600F050FD0028FAD000F0F5FAB9F18D
:10154000000F1CD1D4F8203153B10123E360D4F84B
:101550005831002BFBD0204605EB080100F0B7FD09
:1015600000F0EAFA0023C4F82031D4F820215022F8
:1015700002FB0655EB620648C4F80473BFE7D4F8D3
:101580005831002BE7D1EBE73C1900200500AD0BEB
:101590000000AD0B2DE9F84390F804804A4E08EBAB
:1015A00088073F0107F14C0504683544D5E8EF3F53
:1015B00043F48052C5E8E02F0028F7D1DA047FD445
:1015C0004B0705D5502303FB08639B69002B79D09B
:1015D0003E4B3744C4F808330823C4F800350023D1
:1015E000C4F81031D4F81021C4F84C31D4F84C218F
:1015F000C4F844310A03D4F844318B0303F4804324
:1016000002F400524903134301F400410B43D5E8AF
:10161000EF2F1A43C5E8E12F0029F8D14FF0500908
:1016200009FB0869D9F80830EBB9D9F8043093B947
:10163000502303FB0863DB6CD8043FD5D5E8EF3FAC
:1016400023F47F0323F47043C5E8E23F002AF5D179
:101650001F48BDE8F8830321384600F0C9FCD9F8DB
:101660000830002BE4D0D4F80433590713D55023A5
:1016700003FB08635A6872B1DB6C1A030BD5D5E81B
:10168000EF3F23F40023C5E8E23F002AF7D106210B
:10169000384600F0ADFC502303FB0863DB6CDB0431
:1016A0000CD5D4F84C310BB901232360502303FB34
:1016B0000866736813B1054BC4F804330548C8E7DE
:1016C0000548C6E70548C4E73C19002010020A0097
:1016D0000200AD0B0000AD0B0B00AD0B0800AD0B15
:1016E0002DE9F84F502390F804905B4E046803FBFB
:1016F00009631746DA6CD4F804A350038846C4F88B
:1017000008A300F1A38001F06041B1F1005F40F057
:101710009F80996859B15B68002B40F08380D4F8B2
:10172000101100297ED0C4F81031D4F810315025A2
:1017300005FB0965EA6909EB890BC5E902874FEAF0
:101740000B1B002A49D0974235D84FF000093A4682
:10175000A9694046C5E9029904F0EEF9EA69A86969
:10176000D21BC119EA6104F0B1F96B6823B93B4897
:10177000C4F804A3BDE8F88FEB6C5E44990414D55B
:10178000374B5B44D3E8EF1F41F48021C3E8E21FED
:10179000002AF7D13A464146304600F03AFC4A4624
:1017A00031462046FFF756FBE1E73A4641463046D0
:1017B00000F02FFCDBE74046A96904F0BDF9EB69B6
:1017C0006B620023EB61264B5B44D3E8EF1F41F4CF
:1017D0000021C3E8E21F002AF7D1502303FB09636D
:1017E000586ADA689968DB6C121A0144C4F8341537
:1017F000C4F83825DA04BAD5194B5B44D3E8EF1F97
:1018000021F48021C3E8E21F002AF7D101232360DD
:10181000D4F84431002BAAD00023C4F84431D4F8C2
:101820004431A4E7502303FB0966336993B9530499
:10183000C4F83485C6E90487C4F8387597D5D4F858
:10184000003243F02003C4F8003290E705488FE7E8
:1018500005488DE705488BE73C1900200000AD0BDB
:10186000881900200500AD0B0A00AD0B0B00AD0B75
:1018700050232DE9F0413E4D90F80480046803FBAD
:101880000853D86CD4F8007200F48220B0F5805F61
:1018900005D009B10022DA613648BDE8F081D4F8FC
:1018A0000463C4F8086309B9BB0655D4D4F8003200
:1018B00023F02003C4F800324FF4A11308EB880191
:1018C000090101F14C072F44D7E8EF0F1843C7E88F
:1018D000EC0FBCF1000FF7D12AB9502303FB0853DA
:1018E0005B68002B40D1244BC4F8083301236360AC
:1018F000D4F84431002BFBD00023C4F84C31D4F889
:101900004C21C4F81031D4F81021C4F84431D4F873
:101910004431502303FB0853DA6C12F400421ED109
:10192000DA61204600F089FB502303FB08550023B1
:10193000AB602B61D7E8EF3F23F47F0323F47043C0
:10194000C7E8E23F002AF5D126F4202626F40476E3
:101950000A48C4F80463A0E74FF48033AEE720469A
:10196000294400F07CFBDCE701236360F0E700BF63
:101970003C1900200500AD0B10020A000000AD0B61
:101980002DE9F8432F4A03680679C3F8082343F387
:101990000733002B04460DDB01215A0903F01F0316
:1019A000994002F12003284A42F82310BFF34F8FD9
:1019B000BFF36F8F012220461146FFF759FF012127
:1019C0002046FFF78BFD50212279204D236801FB33
:1019D0000252D46CD3F80C05E201D3F81495D3F875
:1019E0000875D3F8108509D54FF0FF32C3F80C25E0
:1019F000C3F81425C3F80825C3F81025A30116D58C
:101A0000411C01D0FFF72EFCB9F1FF3F02D0484640
:101A1000FFF728FC22010AD5B8F1FF3F02D040466B
:101A2000FFF720FC7B1C02D03846FFF71BFC50233D
:101A3000002203FB0653DA6483F848205A60BDE8AD
:101A4000F88300BF10034A0000E100E03C190020C9
:101A500010B5502402790E4B04FB02335B689BB92E
:101A60000368D3F80025082A05D011B1D3F83C3516
:101A70000B60084810BDD3F810213AB111B1D3F86A
:101A80003C350B600448F5E70448F3E70448F1E708
:101A90003C1900200C00AD0B0000AD0B0800AD0B95
:101AA0000B00AD0B2DE9F34105461646FFF718FE76
:101AB000184B0446984226D10321284695F8048005
:101AC000FFF768FD144FB84201D0A0421FD1502249
:101AD000124B02FB08335B68ABB90193284601A99E
:101AE000FFF7B6FFB842F9D00D4B98420AD0019BE0
:101AF000B34207D301222846114602B0BDE8F041A7
:101B0000FFF7B6BE074C204602B0BDE8F0810446A0
:101B1000F9E700BF0000AD0B0B00AD0B3C19002036
:101B20000C00AD0B0800AD0B72B6024A136801330E
:101B3000136070478C190020034A1368013B13603F
:101B400003B962B6704700BF8C1900200722024B10
:101B5000C3F80423704700BF00300050084BD3F88F
:101B60000801D3F80021003818BF012080000AB115
:101B700040F00100D3F804310BB140F0020070478F
:101B8000003000500022074BC3F80021D3F80011A9
:101B9000C3F80421D3F80411C3F80821D3F808319D
:101BA000704700BF0030005000231720094A03F59A
:101BB000C0710133202B42F82100F8D100231720F7
:101BC000044A03F5E0710133202B42F82100F8D1DB
:101BD000704700BF0030005010B59DF80840C00BA2
:101BE00043EA0423064CC90B43EA0213884200D996
:101BF00010BDC2B202F5C07244F822300130F5E7E0
:101C00000030005010B59DF8084000F1604043EAF4
:101C1000042301F16041074C400B490B43EA0213D6
:101C2000884200D910BDC2B202F5E07244F82230F9
:101C30000130F5E700300050C0F30E03C3F5004358
:101C4000B3FA83F3C3F11B03064AC0F3C730DBB218
:101C500040F4807043F48073C2F80005C2F8043584
:101C6000704700BF003000504303014818447047DC
:101C7000FF1FF81F054BC0F30730090241F0300188
:101C800000F5007043F82010704700BF003000508E
:101C9000044BC0F30730090200F5007043F8201030
:101CA000704700BF00300050003A18BF01220039D1
:101CB00018BF012103688900074841EA42011863FF
:101CC00059605A6842F001025A60BFF34F8FBFF368
:101CD0006F8F0020704700BF04AAFF0008B5FFF710
:101CE0003DFF044B162118600348BDE8084000F092
:101CF00036B900BFD81F0020663400000C2201490D
:101D000003F01ABFD81F002010B501F003FB0446F2
:101D100090B901F097FF044680B90A4A2E21D36892
:101D2000094823F008031B041B0C43F0BF6343F472
:101D30000033D36000F013F9204610BD45F2235460
:101D4000FAE700BF00ED00E07C340000024B1860B1
:101D5000024B002019607047E81F0020E41F00209C
:101D60001FB5274C426923685A6282699A62C26928
:101D7000DA62026A1A63426A5A63826A9A63C26AC0
:101D8000DA63026B1A64426B5A60826B9A60C26BB0
:101D9000DA60026C1A61426C5A61826C9A61C26CA0
:101DA000DA61026D1A62826D5A65C26D9A65026FC0
:101DB000DA65026E1A66826E5A66426F9A66EFF3B1
:101DC00088825A64EFF389829A644268DA64EFF396
:101DD00094821A65026801A81A67FFF78FFF2368CB
:101DE000019ADA6601221A70064B1C6864086400C6
:101DF000204621462246234603F083FF04B010BD4F
:101E0000E81F0020E41F002000B5A1B001A8FEF7E4
:101E10009BFD029B63B15B060AD4019B23F0020386
:101E2000052B05D1044B1B6813B101A8FFF798FFE0
:101E300021B05DF804FB00BFE41F0020BFF34F8F0B
:101E40000549064BCA6802F4E0621343CB60BFF356
:101E50004F8F00BFFDE700BF00ED00E00400FA0572
:101E6000F8B543680C2B01D00220F8BD4B68042B59
:101E7000FAD14FF0FF3304680D6821682B60002908
:101E8000F2D0A268002AEFD00623012001F094F9D5
:101E90000028E9D161681F4ED6E90037994230D356
:101EA000A2681F4401EB020CBC452AD803F17F4312
:101EB00003F50043B3F5805F20681FD20A43930700
:101EC00025D1154B9C4522D8091AA2680B1812B9C6
:101ED00000202860C9E7EFF31082012A08D11B68AF
:101EE000BFF34F8F40F8043BA368043BA360ECE7CB
:101EF00072B61B68BFF34F8F62B6F3E703F01CFEA8
:101F0000E6E70130042806F10806C5D1ACE7032056
:101F1000ABE700BFAC3400000090FF004FF47F033C
:101F2000D3F83001D3F83431BFF34F8FC0F30B0037
:101F3000A0F109035842584170474FF47F02D2F88C
:101F40003031D2F83401BFF34F8FC3F30B03092BA9
:101F500003D1431E58425841704700207047FEF796
:101F600087BD012070476FF003007047002382B0E7
:101F70000193019802B070476FF00300704700238F
:101F800082B00193019802B07047022814BF6FF02D
:101F9000030000207047FEF7EDBD30B501EB820273
:101FA000914200D130BD51F8044B04F07F037F2BE8
:101FB0004FEA144408BF4FF0FF33032CF0D8DFE89A
:101FC00004F0020406080360EAE74360E8E7836080
:101FD000E6E7C360E4E70346D0F8580130B931B909
:101FE000D3F82001003818BF012070470120704746
:101FF00030B504460D4685B010220021684603F036
:10200000C0FDD4E9001368468DF80050984705B02C
:1020100030BD7FB504460E461546002110226846A5
:1020200003F0AFFD012368468DF80030CDE901656E
:10203000D4E90013984704B070BD10B50446FFF70B
:1020400073FDD4F8583133B1D4F8043313F480035A
:1020500008BFC4F80035BDE81040FFF76DBD70B58E
:10206000D0F83C650446052E0D4604D80522AB2168
:10207000A86903F086FD0522AB69C4F83435C4F8BD
:1020800038250022C4F81021D4F810110121E16292
:10209000D4F810110029FBD0C4F84C21D4F84C110D
:1020A000C4F81021D4F81021D4F83C259642EA61F6
:1020B00003D1052E02D90023EB6170BD5A1E0433F3
:1020C00012F8011FAB29F8D19A42F9D1F3E7D0F801
:1020D000583133B1CB6CC3F30032DB0458BFC0F8C6
:1020E0000025704770B5CE6C0D4606F00101044620
:1020F000FFF771FF38B94FF4800346F00406EE6431
:10210000C4F8043370BDD5E90A365AB1296CEA6BBC
:10211000761A964228BF164619443246A86B03F039
:102120000BFDAB6B4FF0FF326A641BB1C4F8443552
:10213000C4F848650023C4F82031D4F82021C4F83D
:102140005831D4F85821C4F85031D4F8503108230C
:10215000C4F800354FF48003C4F804330123A360AE
:10216000D0E7C0037047C00300F5FF407F307047E1
:10217000002070471F2070474FF40040704700F563
:102180007F40C03040037047402070475F20704759
:102190004FF4005070474B6830B513F01F052DD138
:1021A00002680C681068C0F30720844226D2506889
:1021B000556094600C7C23F01F0304F001041C4361
:1021C0008B7CDB0003F018031C434B7C5B0003F0AB
:1021D00006032343D3608B68013B23F01F04CB68C5
:1021E0005B0003F00E03234343F0010313615060CF
:1021F000BFF34F8FBFF36F8F284630BD0120FCE740
:10220000036800205A68C9B258609960D8601861A4
:102210005A60704770B50546002403681E68C6F30F
:102220000726B44201D1002070BD21462846FFF7A1
:10223000E7FF0134F5E70020704708B5FFF7E4FD3C
:1022400072B620BFFDE7002070470020704770473E
:102250000346012B084670B5114607D0042B09D060
:10226000002B31D1BDE87040FFF7FABDBDE87040EA
:1022700000F02CB84368082B01D0022070BD5468D0
:10228000042CFAD14FF0FF330568166829683360D3
:102290000029F2D06B68002BEFD026237422012096
:1022A00000F08AFF0028E8D1224623230120696834
:1022B00000F082FF04460028DFD1D5E90001FFF7D6
:1022C00045FD30602046D9E70320D7E743680C2B53
:1022D00001D0022070474B68042BFAD10B68012112
:1022E0000268196011680131F3D102219068196008
:1022F0000028EED11860704730B50C46154685B001
:1023000038B139B1FFF72BFE041E03DA204605B0C1
:1023100030BD044640F60D23ADF80E3009230B49BD
:1023200001A805F00F028A5C2D091A54013B012B0C
:10233000F7D147F630030C21ADF80430FFF70FFE5C
:102340000028B4BF04462418E0E700BFCC340000E6
:1023500008B5154B83F30A88144800F0C6FF00BB8C
:10236000FFF7D2FCE8B926211148FFF7F8FDFFF787
:1023700062FFB0B9FFF767FF78B9FFF768FF00F0B9
:102380001AFF35210B48FFF7EAFD00F0ADFD00F024
:10239000EFFB00F0B7F8002008BDFFF756FF00285C
:1023A000EBD000F005FEF2E70004002090190020B9
:1023B000DC3400000235000030B5094C024661688B
:1023C0000023084640B105686D68954205D11BB1F0
:1023D000826860609A60816030BD03468068F1E782
:1023E000141A002038B504462AB10B689B68DB0537
:1023F00012D5002038BD0B4B1D680DB900F0D8FD7B
:1024000000222B68996934338A4203D053F8040FB1
:10241000A04204D19142ECD16FF0FC00EAE7013216
:10242000F2E700BF1C1A002070B504460E461546A0
:10243000002130220C3003F0A4FB064B20461B6821
:10244000A6606360656100F09AFE0023206123604E
:1024500070BD00BF1C1A0020034B186810B1006843
:1024600000B14068704700BF1C1A0020064B10B531
:102470001C680CB900F09CFD23689B6813F4406F46
:1024800014BF0120002010BD1C1A00202DE9F843C4
:10249000904607460C46FFF7E9FF024624B96FF065
:1024A00080042046BDE8F8836300F8D5144B04F09F
:1024B0001F0153F82150002DF1D02B682946586890
:1024C000FFF790FFB0B9C4F30721284600F072FD72
:1024D00004460028E3D1EFF3108972B600F05CFEE9
:1024E000064689F3108840B142462946FFF79CFF13
:1024F0003E60D6E76FF08104D3E76FF08204D0E747
:10250000941900202DE9F04100F045FE0023144EFF
:10251000144F73607B6000F0EBFADFF84C803046BC
:1025200000F024F80446A0B139468023424600F06A
:10253000A3F80546204600F082FD2068211D00F02A
:1025400043FB08B100F034FD2946204600F07CFA38
:10255000E5E7FEF7C5FABDE8F04100F08BBA00BF31
:10256000201A0020141A002094190020F8B50546FE
:1025700008B900F01DFD3B4E346814F1310F6ED8E0
:10258000394B196804F130038B4268D2E369A269C0
:1025900003EB83030E321344226A02EB420213441C
:1025A000626AC2EBC20213449B00E31801D2994253
:1025B00001D200F0FDFC23682C4A1B0C1B04934243
:1025C00001D000F0F5FC2388B3F5817F01D300F042
:1025D000EFFC6368002B01DA00F0EAFCD4E90A237F
:1025E0009A4201DD00F0E4FCA36813F4406F22D1AD
:1025F0001F4A176807F1200313601E4A12689342AE
:1026000001D900F0D5FCE369A26903EB83030E3224
:102610001344226A3C6002EB42021344626AC2EB3A
:10262000C2021344326802EB83026B683260FB61C2
:102630006F603846F8BD6F68002FD9D03B689A6844
:1026400012F4406F09D0E16A9A6A914205DBA26AEE
:10265000DB6A9A4201DC00F0ABFCFF69ECE7002783
:10266000E7E700BFAC1000204035000000005F5FCE
:10267000A81000203C3500002DE9F74F0F4690468A
:102680000646009300B109B900F092FCD6F800A00C
:10269000DAF818200AF1380303EB820BDAF81C4051
:1026A000204B1D6854B10C2202FB04541C601E4BCD
:1026B0001B689C4201D900F07BFC2C4625464FF05C
:1026C0000009DAF81C204A4500D91CB9002003B0E3
:1026D000BDE8F08F142303FB09B20023C5E90026EF
:1026E0009268AB60930516D5B8F1000F02D0009B3D
:1026F000802B03D0019200F05BFC019A12F0E00FF6
:10270000D0B202D158F820201AB1019000F050FC4C
:10271000019848F820507A6809F10109AA607D60A3
:102720000C35CEE7A4100020383500002DE9F04F1D
:1027300093B000935E4B0746D3F800B00BB2002B6A
:102740000D461646C1F30269C1F3024A04DA6FF07E
:10275000800013B0BDE8F08F8B42C36001D1002030
:10276000F7E709EB0A03042BF1D8CC0F64014FEA19
:10277000C90831464246DBF8040044F0020300F089
:102780001BFD01460028E2D1202202A803F0F9F93E
:102790004246314602A84FEACA0603F0CDF9324656
:1027A0000099DBF8040044F0060300F005FD8046C4
:1027B0000028CCD1014620220AA803F0E2F93246D3
:1027C00000990AA802AE03F0B7F9334608F10108F0
:1027D000C14514D91A46C4460DE0D2F808E0D168C4
:1027E00018687144884203D2596808448645AED3BC
:1027F0000CF1010C0832CC45EFD10833E6E715F0B7
:10280000006F18BF20241022002107F11C0003F0E4
:10281000B8F907F118081022002107F12C0003F085
:10282000B0F908EB890944F00203C84512D1202C05
:1028300027D1002D02DBC5F3C0456C0107F1280547
:102840000AAE05EB8A0A44F0060455451BD1009BED
:10285000FB6784E77268DBF8040056F8081B0193F5
:1028600000F0AAFC00287FF472AF56F8042C019BFC
:1028700048F8042F56F8082CC8F83000C8F8202073
:10288000D3E70024DAE77268234656F8081BDBF822
:10289000040000F091FC00287FF459AF56F8043C86
:1028A00045F8043F56F8083C28642B63CDE700BF89
:1028B0001C1A00202DE9F0411F461A4B0D46164602
:1028C000D3F8008000F088FB044608B900F070FBE4
:1028D000E368002B01DA00F06BFB032D01D900F057
:1028E00067FB04EB8504E569E36CED1A16D006235B
:1028F0003A463146D8F8040000F05EFC08B100F01A
:1029000057FBBD4228BF3D46E36CE16B2A461944A4
:10291000304603F011F9E36C2B44E3642846BDE82C
:10292000F08100BF1C1A00202DE9F0411D461A4B12
:102930000F461646D3F8008000F04EFB044608B957
:1029400000F036FBE368002B01DA00F031FB032FC7
:1029500001D900F02DFB04EB8704E36AE26E9B1AB9
:10296000AB4201D200F024FB02232A463146D8F8BC
:10297000040000F021FC08B100F01AFBE36EE06DEA
:102980002A463146184403F0D7F8E36E00202B4462
:10299000E366BDE8F08100BF1C1A00202DE9F0417C
:1029A00005464FF001080E4E0E4B37685C681CB9A7
:1029B00028463760BDE8F0812268936813F4007000
:1029C0000CD16369012B09D0D368346023B19847D7
:1029D000002801DA00F0ECFAC4F81480E469E6E7B4
:1029E0001C1A0020201A002038B5044610B96FF0D8
:1029F000800038BD8368002BF9D01A68002AF6D011
:102A00005D68002DF3D00B4BA86168691D6020B98B
:102A10002B68DB6853B901236B61A36804F10C00D8
:102A20001B681B69984701232360E2E79847002849
:102A3000F1DADCE71C1A00204268024B08461A60F3
:102A4000704700BF1C1A00200022036810B5C0E9BF
:102A500005229A68044612F4406F07D0120503D588
:102A6000D3E90A0100F034F8014B1C6010BD00BF2F
:102A70001C1A002038B5124B1B681C68A36813F49D
:102A8000406F01D100F094FA00F05EF9226B2369E7
:102A90000C49134423F00703A3F1080543E902118D
:102AA00085F30988073222F0070282F30B88BFF30F
:102AB0006F8F054BE268054900F05BFC002038BDD4
:102AC0001C1A0020A5EDF5FEF80B00209D29000042
:102AD000014BC3E900017047281A0020034BD3E9DA
:102AE00000308342C8BF0020704700BF281A002072
:102AF00008B500F01DF9034B986000F01FF980F352
:102B0000888808BD00ED02E0EFF308807146EFF31E
:102B10000982EFF30B830CB406B400F005FA864685
:102B2000009900F0080001F00801401A02DC12DBF5
:102B300004B070471EF020031CBF2DE9F00FBDF15B
:102B4000080D0A4C254626462746A046A146A24621
:102B5000A34630B4704704B030BC1EF020031CBF45
:102B60001DF1080DBDE8F00F04B07047A5EDF5FEAE
:102B7000084BDA6882F07F4282F47F0242F480429E
:102B8000DA6000221A765A76DA76DA77602283F8EB
:102B90002220704700ED00E0009A0A4B9A420FD1C4
:102BA0000122904301460246034604460546064676
:102BB00007468046814682468346844686460447C9
:102BC000FEE70000A5EDF5FE2DE9F041044618B939
:102BD00043F6DA30BDE8F0810029F9D0836800259A
:102BE00013F4406F14BF01230023134F43F002037B
:102BF000DFF848800B6000F13806236AAB4201D849
:102C00000020E7E71421A369E26906EB830301FBD7
:102C100002330C226A4399188968090709D59B5821
:102C2000BB4201D04345D3D1186810B10121FFF751
:102C300021F80135E1E700BFBC100020B4100020EE
:102C400070B5324C86B03248FFF7E4FA23680125AC
:102C50005A1C01932F4B2260DA681B694FF44076AF
:102C6000039300232A4801A902920495ADF8146049
:102C70008DF81630FFF78FFA18B143F6DA3006B048
:102C800070BD23688DF816005A1C0193224B204812
:102C90000293224B01A9CDE903352260ADF81460FF
:102CA000FFF779FA0028E8D123688DF816005A1C3E
:102CB00001931B4B164802931A4B01A9CDE903352A
:102CC0002260ADF81460FFF766FA0028D5D12368BA
:102CD0008DF816005A1C0193134B0D480293134BA9
:102CE00001A903930223049340F201132260ADF87B
:102CF0001430FFF750FA04460028BED12A46294670
:102D00000348FEF7D1FF2046B9E700BF301A002084
:102D1000B0100020B835000020360000005F000031
:102D20004006000040060000000C0020200C00209F
:102D3000014B1868704700BFB8350000014B1B6895
:102D400018687047B8350000014B1B685868704719
:102D5000B835000008B5FEF7C1FFFEF713FF0A4BB8
:102D60005A68103AD3B2120609D401215A0903F065
:102D70001F03994002F16003044A42F82310BDE8A2
:102D8000084000F015B900BF00ED00E000E100E0F0
:102D90000020034BD8765A6A42F470225A62704778
:102DA00000ED00E00349044BCA68002092B21343CF
:102DB000CB60704700ED00E00800FA0500224FF0FC
:102DC000FF300D4B02F1A0010132102A43F821001F
:102DD000F8D1D3F88022002022F00802C3F8802224
:102DE000D3F88022D3F8802222F40072C3F8802224
:102DF000D3F88032704700BF00E100E008B5FEF76D
:102E0000A5FE0822024BC3F880211A60002008BDED
:102E100000E100E0064BD3F8D02022F00102C3F815
:102E2000D020D3F8D02042F00202C3F8D02070475F
:102E300000ED00E037B50124FEF7B6FE134D224643
:102E4000052347F6FF7100200094FEF7C5FE2246D9
:102E500007234FF000500E490094FEF7D3FED5E94A
:102E60000101072300220094FEF7B6FE072300228B
:102E7000084909480094FEF7C5FE2969E868013948
:102E8000FEF7DAFE002003B030BD00BFB835000009
:102E9000FF7F0020FFFF03200080002038B50024C2
:102EA0000E4D002155F8040B0134FEF7F1FE1D2CE8
:102EB000F7D10020012240F20111094BC3F8800430
:102EC000C3F88424C3F8C004C3F8C424054AC2F874
:102ED00040154FF48072C3F8402438BD44350000DB
:102EE00000300050009003500122014B1A607047DF
:102EF000341A002010B50446094B2289186861680D
:102F00000623406800F058F928B9064B1B68012BCE
:102F100001D1FFF7A1FA6FF08603236010BD00BF57
:102F20001C1A0020341A002001F00C0370B50C2B81
:102F30000CBF154605464A060C461ED58B0658BFE3
:102F40002835AB6913F8026C84F00803C3F3C0039F
:102F5000C6F38012934201D000F02AF816F0A00FB9
:102F60001CD176B1032E15D032461C210D48FFF737
:102F7000C3F96FF083032B600AE000F019F82026F4
:102F8000E2E7FFF7BFFA04460146074800F0EDF913
:102F9000204670BD2846FFF7ADFFF9E732461F21F6
:102FA0000248E4E7CC350000F80B0020E8350000CB
:102FB000FFF743B903689A68DB6812F4806F05D1A4
:102FC0008B422CBF00206FF0FA0070478B420CBF81
:102FD00000206FF0FA00704710B500F0D3F80446F7
:102FE00000F0E1F850B9FFF737FAA3685B681B6897
:102FF0005B68834218BF0024204610BD0024FBE715
:1030000038B5054648B1FFF769FDB5EBD07F0446FA
:1030100001D0FFF7CDFF204638BDFFF71DFAF4E7DA
:10302000002310B500F1280252F8041F19B1C16F36
:10303000146C19444C600833202BF5D110BD704737
:103040008230012808B506D8FFF710FA18B9BDE894
:103050000840FFF7ADBF08BDF8B506460D46FFF7BF
:10306000BBFF044608B9FFF7A3FFA7680FB9FFF736
:103070009FFFE368991C20D05A1C21D1A5B315F1FC
:10308000820F13D102232360EFF3108672B6294614
:103090002046FFF7D1FC054686F310882368022BF3
:1030A00024D1204600F081F82846F8BD15F1830FA1
:1030B000EAD0FFF77DFF0025E6E702232360FAE769
:1030C000002BF6DB2046FFF7ABFF3B689B689B05B8
:1030D00001D50223236015F1810FD5D16369002B3F
:1030E000D2DBFFF765FFCFE73546F4E70023236027
:1030F000DAE708B5FFF7A1F86FF0830008BD2DE906
:10310000F3410E46174698460546FFF7AFF9FFF71D
:1031100077FF2946024601A8FFF7B8F9044660B9CF
:1031200043463A4631460198FFF700FB044640B15A
:103130006B0002D5019800F038F8204602B0BDE8D7
:10314000F0810198FFF750FC0446F6E740F20110C9
:10315000704770B50546FFF789F906462846FFF720
:103160002BF9044608B9002070BD014632462846B6
:10317000FFF738F90028F6D12368D868F4E74FF450
:1031800080507047B0F5805F03D1EFF30B8080383B
:103190007047002070477047EFF30B8000F1800309
:1031A00083F30B88704700207047EFF30B83803B5D
:1031B00083F30B88704770472DE9F0410F461546A1
:1031C000002A5BD0002900F08D8003F00602062A59
:1031D00057D09A0740F1868008249B0648BF44F0E8
:1031E0001204860758BF44F00404C00709D5EFF362
:1031F0009483D9074CBF44F0040424F0040444F041
:10320000120422462946384602F06EFBB0BB47E85E
:1032100000F205EB0708110E120208F1FF3646E82E
:1032200000F34FEA13605AD51B0258D5884256D096
:1032300047E800F546E800F6FEF79AFF2D0E8542B6
:103240004FEA166628D3FEF795FF864224D8284613
:10325000FEF789FF2246C7F101010144384602F01A
:1032600043FBE0B30135AE420DD83046FEF779FF9F
:103270002246A8EB000102F037FB80B30020BDE836
:10328000F0810124A9E72846FEF76BFF0746FEF709
:1032900073FF22460146E1E7FEF776FF85421ED323
:1032A000FEF774FF86421AD82846FEF7DDFC224658
:1032B000C7F101010144384602F016FB78B101352F
:1032C000AE4203D83046FEF75AFFD1E72846FEF754
:1032D00056FF0746FEF75CFF22460146EBE76FF01C
:1032E0007F00CCE74CF2DA20C9E710B50446FFF7BF
:1032F00091FDFFF79FFD10B143F6DA3010BDFFF7E7
:10330000CDFD0028F8D1FFF79BFC0028F4D1022363
:103310002360F3E708B5FFF73BFD10B143F6DA3061
:1033200008BDFFF73FFD0028F8D100F01CF8002889
:10333000F4D162B6FDF7BCFBFFF740FD0028EDD1EC
:10334000FFF75CFD0028EBD0E8E7EFF30880EFF330
:1033500009812DE9F00F6B467246FDF7FBFA08B0C4
:10336000FFF7F8FCFEE70020704704460D46A5462F
:10337000284783F3088896460222EFF31483134309
:1033800083F31488BFF36F8F0847464154414C20A4
:103390004552524F523A2000486172644661756C42
:1033A000740D0A004D656D4D616E61676520666143
:1033B000756C740D0A004275734661756C740D0A64
:1033C0000055736167654661756C740D0A0053653D
:1033D000637572654661756C740D0A00526573659C
:1033E0007276656420457863657074696F6E20003D
:1033F000506C6174666F726D2065787465726E6171
:103400006C20696E7465727275707420284952510F
:103410006E293A2000000000010B0000631F00002D
:10342000B10D0000650D00008B1F0000971F00000C
:10343000390B0000671F0000210B00002D0B00005E
:10344000ED0B00006D1F0000791F00007F1F0000C2
:103450001800000017000001030202020000000033
:103460000338FDD87047506C6174666F726D2045EB
:103470007863657074696F6E3A0D0A00416C6C2058
:1034800070696E732068617665206265656E206381
:103490006F6E66696775726564206173206E6F6E0A
:1034A0002D7365637572650D0A0000000002FF0050
:1034B0002C0000003001FF00080000004001FF0068
:1034C0000C0000000881FF00F802000030313233A8
:1034D0003435363738394142434445461B5B313B2E
:1034E00033346D426F6F74696E672054462D4D20E2
:1034F00076322E312E312D6E6373311B5B306D0DA4
:103500000A001B5B313B33346D5B536563205468A9
:10351000726561645D2053656375726520696D61D4
:10352000676520696E697469616C697A696E672183
:103530001B5B306D0D0A000014120020FC110020EE
:103540001802000000400050005000500080005061
:1035500000A0005000B0005000E0005000F000500B
:103560000000015000100150004001500050015077
:10357000007001500080015000B0015000C00150A7
:1035800000D0015000E0015000F001500000025056
:103590000010025000200250003002500040025043
:1035A000006002500080025000A0025000900350C2
:1035B0000025845000A0035000800000008000001F
:1035C000FFFF0F00007C000000800000556E6B6E56
:1035D0006F776E2053504D2053564320726571759E
:1035E00065737465643A2000556E6B6E6F776E205C
:1035F000535643206E756D626572207265717565F4
:07360000737465643A2000B9
:103620000348044B834202D0034B03B11847704751
:103630009C1100209C110020000000000548064B52
:103640001B1AD90F01EBA301491002D0034B03B1A0
:10365000184770479C1100209C11002000000000BA
:1036600010B5064C237843B9FFF7DAFF044B13B1CA
:103670000448AFF300800123237010BDA018002080
:1036800000000000F05E000008B5044B1BB10449C7
:103690000448AFF30080BDE80840CFE70000000019
:1036A000A4180020F05E0000A3F5803A704700BF28
:1036B000174B002B08BF134B9D46FFF7F5FF00216A
:1036C0008B460F461348144A121A02F05AFA0E4B50
:1036D000002B00D098470D4B002B00D098470020BE
:1036E000002104000D000D48002802D00C48AFF363
:1036F000008002F071F920002900FEF729FE02F097
:1037000057F900BF000008000000000000000000A2
:10371000F80B00209C110020A428002000000000CD
:1037200000000000009A074B9A4208D110B502F041
:103730004BFA02F077F906BC96460C46744702F045
:1037400087FA0000A5EDF5FE009A074B9A4208D1D2
:1037500010B502F045FA02F065F906BC96460C4633
:10376000744702F075FA0000A5EDF5FE0CB4029A5C
:10377000084B9A420CD14FF0004319430CBC10B5D2
:1037800000F022F802F04EF906BC96460C4674474B
:1037900002F05EFAA5EDF5FE009A044B9A4202D1C2
:1037A00003490868744702F053FA0000A5EDF5FEDE
:1037B000545D0000009A034B9A4200D1744702F016
:1037C00047FA0000A5EDF5FE2DE9F84304460D4645
:1037D00016461F46EFF30583C3F308030BB1FFF74B
:1037E000E7FBDFF834903B46204632462946D9F8BD
:1037F0000080FFF784FCD9F800300446984506D0D5
:103800009B6901461869BDE8F843FFF725BCFFF73F
:1038100017FC2046BDE8F8831C1A002001680E4AF8
:103820000346914215D1C169A2F11022A2F1EF1213
:1038300091420ED18268012A0BD8C26812B1016987
:103840008A4206D0586928B19B691B1A58425841D0
:1038500070470120704700BF55AA00FF0D4B70B59F
:103860009E68A6B13046FFF7D9FF044678B9F368E1
:103870006BB935690DB9204670BD2846FFF7CEFFFC
:1038800028B9EB68B34202D12E462D69F2E7012434
:10389000F1E700BF381A00202DE9F041394E3468B5
:1038A000F368D4B1B468C4B1002861D000295FD0F6
:1038B00001FB00F5B5FBF0F0884259D1291D57D81E
:1038C000AA070DD025F0030204321C4603E061680C
:1038D00091424FD2A469002CF9D12046BDE8F08175
:1038E0002A46F2E7891A232904F12007D4E9050CB6
:1038F0001AD80123A360A0B1C0F818C0A36903B10E
:1039000058610023C4E905333369DB0702D5FFF7AB
:10391000A5FFA0BB2A46002138463C4602F031F9FB
:10392000DBE7C6F80CC0E9E702F1200804EB080366
:103930002039C3E9011E2169DFF84CE0DC60196120
:1039400044F808E0AEF1102EAEF1EF1EC3F81CE013
:1039500001B1CB60C3E9050C40B18361996901B144
:103960004B6101212361C4E90121CAE7F360F5E756
:103970000024B2E7D4F808E0BEF1000FB2D0012075
:1039800002F016F8381A002055AA00FFF8B50546CF
:1039900000283AD0364E3368002B36D0B268002A61
:1039A00033D0834203D872681344984202D3012073
:1039B00001F0FEFFA0F120042046FFF72FFF0028B2
:1039C000F5D155F8183C012BF1D145F8180C55E903
:1039D0000570DFB1BB68CBB955F81C2C7B68203271
:1039E00013447B60386100B1C7602022002120466B
:1039F00002F0C7F8386908B183682BB333699B07B5
:103A000003D5FFF72BFF0028D1D1F8BD40B3836861
:103A100033BB426863681344203363600369D4E9AD
:103A20000521236192B9B9B9426981696261A161D5
:103A3000A2B19461A26902B1546103B1DC60202299
:103A4000002102F09EF8D9E73C46E2E79161A169C6
:103A50000029E9D04A61E7E7F160F8E7F460E9E7B7
:103A6000F36845F8083C03B15C61F460C6E700BF49
:103A7000381A002038B50D46142200210446124899
:103A800002F07FF81149124800F02CF8232D1AD9C2
:103A900014F003031FBF043DED18C3F10403E41841
:103AA0002A460021204602F06CF8074B094AC3E978
:103AB00000459C602260A2F11022203DA2F1EF128D
:103AC0006560E261DC6038BD381A00208D39000085
:103AD0009938000055AA00FF014B1B68184700BF2A
:103AE000C4100020024B1860024B00201960704780
:103AF000C8100020C410002010B50A46044619B1B1
:103B0000024B00211B68984710BD00BFCC1000205D
:103B1000074B0A465978022906D11978072903D19B
:103B20000146181D02F0DAB86FF08800704700BF38
:103B30004C1A002010B5124C2378590744BF23F0CB
:103B40000403237023789A0705D500F063F82378DF
:103B500023F002032370637813B10A4802F0CFF810
:103B60000023042107486370FFF7C6FF2378DB07B3
:103B700005D502F0B0F8237823F00103237010BDBF
:103B80004C1A0020501A002038B51C4D6A782B784A
:103B9000022A01D1072B12D0D80713D52B78990709
:103BA00007D400F02FF82B78044643F002032B7063
:103BB00088B96A782B788AB12B785A0719D50024EE
:103BC000204638BD02F085F82B78044643F0010307
:103BD0002B700028E2D0FFF7ADFFF1E7DB07EBD554
:103BE000074802F079F8022304466B700028F2D1EE
:103BF000E2E743F004032B70E1E700BF4C1A00201A
:103C0000501A00200122024B002083F880257047C3
:103C1000541A00202DE9F041094C202526464FF08A
:103C2000010803272046C4F82080277702F034F8E3
:103C3000013D04F12C04F5D186F88055BDE8F081F2
:103C4000541A002010B50C4C236813B10B4B1B68A1
:103C50002BB900F089FC30B90122084B1A6001230E
:103C60002360002010BD0138062801D9044810BD8A
:103C7000044B53F8200010BDF01F0020EC1F002063
:103C8000FE8FFFFF585D0000144B2DE9F043002824
:103C900014BF04461C46124F236883B0BB4219D0A0
:103CA00016460D4620464FF4147104F1040900F045
:103CB00047F804F58E78484600F0CEF8404600F00C
:103CC00019FA2B464A4640460649009600F034FB56
:103CD00008B92760002003B0BDE8F083F41F00207E
:103CE000A5BCC95ADD3E000070B50D4C1D4600282C
:103CF00014BF064626460B4B306882B098420DD161
:103D000006F58E70002633460096144600F03EFB02
:103D1000002818BF34462C6002B070BD0248FBE793
:103D2000F41F0020A5BCC95AE88FFFFF38B131B19C
:103D3000002201440346013081421A70FAD17047D3
:103D400038B131B1002201440346013088421A7073
:103D5000FAD170472DE9F043202B1D4606468846D0
:103D600091468BB026D8DBB202AF8DF80480B04606
:103D700058F8041B8DF8053021B9404601F038F998
:103D8000044640B9012302224046336001A901F0F4
:103D900043F9044638B138462021FFF7D1FF2046C9
:103DA0000BB0BDE8F0832A464946404601F034F99D
:103DB0000446F0E702AF1946104600233A4601F0E8
:103DC000B1FA04460028E6D12023B9461D46CCE7C7
:103DD0002DE9F041D0F8F830A6B0002BD8BF02AEE4
:103DE00031DD05460027D0F80C4102AEA4F10108F0
:103DF0009022D5F8FC403146D0F8000101AB019784
:103E0000B8FA88F8A0474FEA5818044620B9019B31
:103E100053B9B8F1000F16D030469021FFF790FF4C
:103E2000204626B0BDE8F081014632462846FFF71D
:103E300091FF58B9D5F80431019A1344C5F80431FB
:103E4000B8F1000FE8D16FF03C04E5E704462046E6
:103E500026B0BDE8F08100BF70B5002504461422ED
:103E600004F588762946C0F8F850FC3001F089FE48
:103E700008222946304601F084FE144B30461B6868
:103E80009847204640F8045B01F098F8104B304604
:103E90001B689847C8B9D4F8F830AB420FDC03EB85
:103EA000830204EB82022021C2F800010120C2E952
:103EB000421008490133C2F8FC10C4F8F830064B30
:103EC0003046BDE870401B68184770BDEC100020FC
:103ED000E8100020C14E0000E41000202DE9F0475A
:103EE000202A88B07AD83F4B00F5887904461B68B1
:103EF00048461746884698470546F8B940F20116E5
:103F0000D4F8F830002B65D02046FFF761FF054656
:103F100038B9D4F8F830002B14DC013EF2D16FF040
:103F20003B056E4620213046FFF70AFF2E4B4846E0
:103F30001B689847002818BF6FF01D05284608B079
:103F4000BDE8F087D4E94132934203D3D4F80C2181
:103F5000012A02D0013ED7D1E1E71F2BFAD96E46E4
:103F600001462022304604F1040A01F00AFE3146DF
:103F7000504601F07BF805460028D3D1504601F0A9
:103F800031F8504601F01AF82946504601F030F851
:103F900005460028C6D150462022314601F03CF8A3
:103FA00005460028BED1034632462021304601F0A6
:103FB000B9F905460028B5D1D4F8F8303A46002BB7
:103FC000C8BF002340463146C8BFC4F8043101F0E1
:103FD000B3FDA7E76FF03F056E46A3E76FF03B0523
:103FE000ACE700BFE8100020E410002070B590B0EE
:103FF00000287AD03E4C0D46402236210646204607
:1040000001F0BFFD40225C21A01801F0BAFD2B1D7C
:10401000A34203D904F144039D4252D32B68226882
:10402000534023602B68226C534023646B686268A2
:10403000534063606B68626C53406364AB68A26812
:104040005340A360AB68A26C5340A364EB68E26882
:104050005340E360EB68E26C5340E3642B692269F0
:1040600053402361226D2B695340236562696B695C
:10407000534063616B69626D53406365AB69A269CC
:104080005340A361AB69A26D5340A365EB69E2693C
:104090005340E361EB69E26D5340E3650021304634
:1040A00000F0A6FF044628B940223046104900F02F
:1040B000B3FF044640216846FFF742FE204610B099
:1040C00070BD631E04F13F01013D1F3415F8010F5F
:1040D00013F8012F42401A7011F8012F2878A342DB
:1040E00082EA00020A70F1D1D8E76FF07304E5E7C5
:1040F0004422002010B54FF49A720021044601F0CA
:1041000040FD42F21072044BC4F8202104F5967071
:104110001B68BDE810401847EC1000202DE9F04F57
:1041200004468846914695B0002900F0A780002AF1
:104130000CBF0126022600238DF80C30002C00F065
:104140009F80DFF844A104AF0AF1400B0021204614
:1041500000F04EFF034648B1384620210193FFF797
:10416000EFFD019B184615B0BDE8F08F4022514687
:10417000204600F051FF03460028EDD104F1F4057C
:1041800020222946204600F047FF03460028E3D1BD
:104190000122204603A900F03FFF03460028DBD19F
:1041A000022E62D020460CA900F060FF03460028D2
:1041B000D2D10146204600F01BFF03460028CBD198
:1041C00040225946204600F027FF03460028C3D16D
:1041D000202220460CA900F01FFF03460028BBD177
:1041E0003946204600F042FF03460028B4D1394644
:1041F0002046FFF7FBFE03460028ADD120222946CA
:10420000204600F009FF03460028A5D120460CA94E
:1042100000F02CFF034600289ED10146204600F006
:10422000E7FE0346002897D140225946204600F079
:10423000F3FE034600288FD1202220460CA900F06F
:10424000EBFE0346002887D12946204600F00EFFEA
:104250000346002880D19DF80C200132D2B2B24230
:104260008DF80C20FFF472AF76E74A4641462046AF
:1042700000F0D2FE0346002894D06DE701265AE7ED
:104280006FF0730304AF67E7442200202DE9F0418B
:104290000446884615461F46D0F81801E0B013B111
:1042A00000EB40004008B5F5807F3ED82844B0F5CB
:1042B000C07F3AD84FF4C0720021684601F061FC1B
:1042C0006946D4F82431D4F81821D4F82801984745
:1042D00070BBD4F8186157B1D4E9493072080DEBBE
:1042E0000601984720BBD4F8183106EB5306B8F105
:1042F000000F00D08DB9324669462046FFF70EFF09
:10430000054610B90123C4F8143131466846FFF759
:1043100017FD284660B0BDE8F0810DEB0600414670
:104320002A462E4401F008FCE5E76FF00405F0E7AB
:104330006FF00805EDE700BF2DE9F047044604F1F2
:10434000F4050F4691461E46DDF8208000F036FE4B
:1043500029462046FFF74AFE08B1BDE8F087284607
:104360002022012101F00DFCD4F81831C4F8247189
:10437000C4F8289113B92023C4F8183142463146B5
:104380002046BDE8F0470123FFF780BFB2F5806FFC
:1043900000F295802DE9F04F89B09A46129BB3F553
:1043A000807F00F29080D0F82431164604460F46F4
:1043B0004BB3D0F81C31012B05D0D0F81421D0F824
:1043C00020319A421FDD514600232046129AFFF702
:1043D0005DFF014698B900231293002E5ED0DFF8EE
:1043E000EC9009F1400B0021204600F001FE202E48
:1043F0003546014628BF202504F1F40890B108464F
:1044000009B0BDE8F08FBAF1000FE6D0129B002B87
:10441000E1D051461A462046FFF780FE01460028AB
:10442000DBD0ECE749464022204600F0F5FD01468E
:104430000028E4D141462022204600F0EDFD01464F
:104440000028DCD16946204600F010FE0146002815
:10445000D5D1204600F0CCFD01460028CFD15946E9
:104460004022204600F0D8FD01460028C7D1694609
:104470002022204600F0D0FD01460028BFD1414651
:10448000204600F0F3FD01460028B8D138462A4600
:10449000414601F051FB761B2F44A4D151462046E2
:1044A000129AFFF73BFE01460028A8D10846D4F82F
:1044B00014310133C4F8143109B0BDE8F08F6FF046
:1044C0000201084670476FF0040198E7442200207B
:1044D000002130B58DB0282202A8019101F051FBD6
:1044E00002A800F047FF044610B120460DB030BDD1
:1044F000174D4FF0FF31286800F042F9044620B113
:10450000144800F0D3F9012C18D0002000F068F90D
:10451000D0B9114A02A901A800F0C4FC0446012048
:1045200000F05EF960B9286800F032F90028DCD0AC
:104530000A4800F0BBF920460DB030BD0524F2E773
:10454000074800F0B3F9EEE7064800F0AFF9E0E7FE
:10455000D0100020745D0000C4220020CC5D00005B
:10456000AC5D00008C5D000030B583B000F05CF8FD
:1045700028B100F0ABF80324204603B030BD00F0B2
:1045800077F8D8B900F02CF9E0B9224CD4F82839E2
:104590001B0EF02B0AD1D4F8242A1F4B9A4231D09B
:1045A00000F044F8072400F091F8E5E7062400F055
:1045B0003DF800F08BF8204603B030BD04242046BF
:1045C00003B030BD00F032F800F080F8FFF780FF54
:1045D000044698B9114D2B68002BCDD102460146F7
:1045E000FFF752FB50B968220D4901ABFFF77CFB86
:1045F00020B920460B4B2B6003B030BD052420466C
:1046000003B030BD012000F0EBF80028DAD1C4F887
:104610000C0ADBE7001084500000E020E4240020B6
:10462000E82400205AEA5A5A0020704700207047B8
:10463000430504D54FF0FF32034BC3F80821024B6A
:10464000C3F8080A704700BF00108450014BC3F83C
:10465000040A70470010845008B100F06BB84FF4A2
:104660007500704708B100F04FB84FF475007047FF
:1046700010B5114800F070F800B110BD0F4800F0FF
:104680006BF80028F9D10E4C204600F065F80028A0
:10469000F3D10C4B0C481C6000F05EF8014600287A
:1046A000EBD100F02DF8044608B1204610BD00F013
:1046B00079F82046FAE700BFE0100020DC10002067
:1046C000D8100020D0100020D410002008B50848D1
:1046D00000F04CF8074800F049F8074800F046F8A9
:1046E000064800F043F8BDE8084000F00BB800BFF2
:1046F000E0100020DC100020D8100020D410002092
:1047000000207047704700BF024610B4084CD4F830
:10471000003A1342FBD021B1D4F804310B60C4F845
:104720000831034B0020C3F8082A10BC704700BFB3
:1047300000108450044AD2F8003A1842FBD0C2F864
:10474000080A0020704700BF0010845001F0BEB975
:104750000A46002101F015BA08B5034B02681B6830
:1047600010689847002008BD0C11002008B5034BC5
:1047700002685B6810689847002008BD0C11002093
:10478000024B02689B681068184700BF0C1100209C
:1047900008B5034B0268DB6810689847002008BD25
:1047A0000C11002070B5094C094D2069AB68984781
:1047B00018B1084B08485B6898470021074AEB6826
:1047C00011602069BDE87040184700BFF810002054
:1047D0000C110020F0100020E45D000050250020A6
:1047E000F8B51A4D1A4E0446B26828699047E8B9E0
:1047F000184F3B684CB1A3B1012B19D0013B3B6072
:104800002869F36898470020F8BD43B90121124A8E
:10481000C2F800151149D1F81029002AFBD1013343
:104820003B60F368286998470020F8BD0C48F8BD44
:104830000A4AD2F81039002BFBD1074A6FF07E40AC
:10484000C2F80035FFF702FF3B68D7E7F8100020F9
:104850000C110020502500200000845000108450CE
:10486000E98FFFFF014B1B68184700BF0C110020A8
:10487000014B9B68184700BF0C110020014BDB68FF
:10488000184700BF0C110020BFF34F8F0549064B9E
:10489000CA6802F4E0621343CB60BFF34F8F00BFDE
:1048A000FDE700BF00ED00E00400FA0530B44FF072
:1048B000FE320025074B084C08494968C3F800241C
:1048C000C3F80424C3F80824C3F80C24C4F8005522
:1048D00030BC08470010845000008450F0100020C5
:1048E00010B5044650B1636813F0685F05D0064AFE
:1048F000934202D000236260236010BD034B044842
:104900005B689847EFE700BF2C5F5CA9F0100020C0
:10491000045E0000C8B143680D4A934213D013F0FF
:10492000685F0ED0012350E8002F194640E8001CB4
:104930009CF0000FF7D1012AF5D0BFF35F8F002064
:10494000704704487047044870476FF4E040704770
:104950002C5F5CA9E98FFFFFEA8FFFFF034680B160
:10496000426809498A420AD012F0685F05D0BFF355
:104970005F8F002210461A60704704487047044851
:1049800070476FF4E04070472C5F5CA9E98FFFFF30
:10499000EA8FFFFF10B5044620B10023034A2360CD
:1049A000626010BD0248FFF781FFF6E73A00003A67
:1049B0002C5E00002DE9F047002878D00C46002935
:1049C00075D01D46002B72D007461AB10122002374
:1049D0002A6003602B68002B64D02946204600F033
:1049E000B7FD804600285FD12146286800F096FD7B
:1049F0008046002858D12B68082B6CD0042B6DD032
:104A0000A3F10209B9FA89F94FEA59190121354E82
:104A1000C6F8C411C6F84011C6F8C411636AC6F8D6
:104A20003031D6F830219342F6D14FF0000A4FF0E2
:104A3000FF30C6F82CA1FFF7FBFD6FF01B035046BB
:104A4000C6F80031FFF702FEC6F80C91D6F8040A4A
:104A500040F48060FFF7FAFD0A23C6F83831089B5E
:104A6000012B29D02369204AA2FB03231B09626A78
:104A7000404602FB03F303EB43031A4ADB039B09A3
:104A8000C2F8D8310123C2F82C313B682A6823F0E0
:104A90007F4343EA02633B602A6843EA02233B60A8
:104AA000BDE8F087DFF844804046BDE8F087DFF8D6
:104AB00040804046BDE8F0874FF47F03D3F80C2CCC
:104AC000013206D0D3F80C3C074AA2FB03231B0992
:104AD000CDE71623CBE74FF0030997E74FF0020924
:104AE00094E700BF00108450ABAAAAAA310CF100D1
:104AF000350CF10058B34B1EB3F5047F27D230B507
:104B00004FF0000ECD00744671464B0901F01F0CAA
:104B100050F82330BCF11F0F23FA0CF306D003F03A
:104B2000010319B901211C468E46EEE79C4201F1B2
:104B3000010106D01C464FF0010EA942E5D100202C
:104B400030BD0EF1010E9645F7D1024830BD014847
:104B5000704700BF360CF100C0B32DE9F0434C1E86
:104B6000B4F5047F1DD2E3B1DAB100252E46A84684
:104B70002C46CF0003F1FF394FEA541C04F01F0EFE
:104B800050F82C10BEF11F0F21FA0EFC0CD00CF0C7
:104B9000010C4CB90126E04634463546ECE7964216
:104BA00016D90C48BDE8F083AB420BD0C44508BF12
:104BB0000136A945F3D001350134BC42DCD10020D7
:104BC000BDE8F0830125E0462E46F5E70148704731
:104BD0001D46F1E7370CF1002DE9F04F91B0834607
:104BE000DDE91B460D46002E6ED10F691C600023C7
:104BF0001A990B60002A00F02F819D4B6A6AD3F846
:104C00003811D3F830319A4269D10A2967D19BF81B
:104C10000330089304F10803079304230593954B8D
:104C2000934CA3FB07239B0803EB4303A7EB43032E
:104C3000039306971A9B069E1E60002E00F0EA80E2
:104C400000F096FC00230993BBF1000F00F0D58023
:104C500098464FF0010ADDF81C90002D00F0CD8041
:104C6000089B002B3DD0284608A900F071FC0028C5
:104C700039D0814B984220D0089B082B00F0E4806B
:104C800000225B000893294608AB58460092FFF7C4
:104C900091FE7A4B984200F0D38070B9DBF8002087
:104CA000130A03F47F03134323F07F43CBF8003050
:104CB000059B013B0593BDD10020039000F058FCFB
:104CC000039811B0BDE8F08F4FF47F01D1F80C0CC0
:104CD00001300CBF4FF40477D1F80C7C86E76848AC
:104CE000EBE76648C5E72946089800F017FC00285E
:104CF000BFD1089B082B00F0A980042B00F0A980ED
:104D0000A3F10203B3FA83F35B090493C4F8C4A1CB
:104D1000C4F840A1C4F8C4A16B6AC4F83031D4F817
:104D200030219342F6D100234FF0FF30C4F82C31EC
:104D3000FFF77EFC002318466FF01B03C4F8003118
:104D4000FFF784FC049B4B4FC4F80C31D4F8040AE1
:104D500040F48060FFF77AFC0A23C4F838312B69ED
:104D600009A8A7FB03236A6A1B0902FB03F303EBF1
:104D70004303DB039B09C4F8D831C4F82CA1DBF84A
:104D80000030089923F07F420B0243EA016313438A
:104D9000CBF8003000F0B2FB099B03F01A03034389
:104DA0007FF46AAFA7FB0637D4F81431B8EB970F3E
:104DB0000A93D4F818310B93D4F81C310C93D4F81F
:104DC00020310D93D4F824310E93D4F828310F9369
:104DD00001D1039B9BB9484618220AA9183EFFF748
:104DE000B5FC09F1180908F101089EB100F0C0FBFB
:104DF00000230993002D7FF433AF224839E748465A
:104E00001A46F61A0AA9994408F10108FFF79EFC10
:104E1000002EEBD1069F079E6A6939463046FFF7A0
:104E200069FEAA6940B94FF4806339463046FFF7FE
:104E300093FE00283FF440AF00231A9A136018E74E
:104E40002B6A002B3FF439AF0F4836E70323049356
:104E50005CE70223049359E701222946584600964D
:104E600008ABFFF7A7FD00283FF4D4AE25E700BF4D
:104E700000108450ABAAAAAA020CF100310CF10078
:104E8000300CF100350CF100320CF10010B4DDE90A
:104E9000013401940024DDF80CC0CDE902C410BC3B
:104EA000FFF79ABE30B51546012487B005AB0093D5
:104EB0000022CDE9015404ABFFF78EFE07B030BDF0
:104EC000F0B587B0002966D01E46002B63D014468B
:104ED000002A60D0314F0D4638684FF0FF31FFF7A0
:104EE0004FFC00284DD10020FFF77AFC002844D168
:104EF0002B4800F03FFAD8B101204FF0FF35FFF703
:104F00006FFC002835D14FF408712648FEF70EFFDC
:104F100004212548FEF70AFF21482821FEF706FF55
:104F20003868FFF735FC00282FD1284607B0F0BDC0
:104F30001C4A0346029205AA019204AA0390009219
:104F4000174902461848FFF7A1FF03460028D3D1AE
:104F500028461D46059B22469C4228BF1A460499B6
:104F600032600831FFF7F2FB0120FFF739FC00281F
:104F7000C9D00E48FFF79AFCC5E70D48FFF796FC2D
:104F8000B6E70C48FFF792FCADE70B48FFF78EFC45
:104F9000284607B0F0BD4FF0FF35C6E7D01000201F
:104FA000682500209025002064250020AC5D0000CD
:104FB0008C5D0000745D0000505E000010B504467A
:104FC00028B12046BDE81040F421FFF7C1BB0448DA
:104FD000FFF76CFC2046BDE81040F421FFF7B8BB9A
:104FE000685E000010B1F421FEF7A0BE704700BF5C
:104FF00008B521B1012908D06FF0360008BD0121A4
:1050000000F058F80028F7D108BD022100F052F84E
:105010000028F9D0F0E700BF30B505468818B0F594
:10502000801F0B461446A1B001D8802A0CD9B3F5D5
:10503000801F17D922461946284600F07DF80446FD
:1050400084B9204621B030BD6846FFF77FFB224679
:105050006946284600F070F8802104466846FFF74C
:1050600077FBEDE76FF03604EBE700BF70B5E8B112
:105070000E46D9B1044600F031F80546B0B92368B0
:10508000012B0BD0022B01D0284670BD1C223046CC
:1050900004F10801FFF75AFB284670BD2022304674
:1050A00004F10801FFF752FB284670BD6FF036058A
:1050B000EAE700BF78B138B50D46F0210446FFF7A6
:1050C00047FB402320462560E36500F091FA003855
:1050D00018BF012038BD0120704700BFF0B5056E34
:1050E000A5B0044604AEE5B900230127019330467C
:1050F0006760294602AA009300F046FA10B1012029
:1051000025B0F0BD2A46204602A900F099FA0028F1
:10511000F5D1204600F0AAFB0028F0D1206625B08A
:10512000F0BD802D2A46304628BF802204F164015C
:10513000FFF70CFB256ED7E7002800F0AE802DE9C5
:10514000F04F1446A5B0002A3DD00F46002949D0A3
:10515000B2F5803F0546006E20D34FF6FF7805F18B
:10516000640AEB6D1A1AB2FBF3F103FB1122002A59
:1051700065D18342B9464FF6FF7672D0B6FBF3FB9A
:1051800003FB0BFBBBF1000F30D1002E45D1A4F582
:105190007F44FF3CB4F5803F4744E2D2EA6D161AE3
:1051A000B6FBF2F302FB1366A64228BF2646002E8A
:1051B00075D1824200F08D80B4FBF2F602FB06F658
:1051C0002EB9002C79D1002025B0BDE8F08F002346
:1051D00031463846CDE9003302AA00F0D5F900285F
:1051E00000F09580012025B0BDE8F08F00235946DE
:1051F0004846CDE9003302AA00F0C6F90028F1D1F3
:105200005A46284602A900F01BFA0028EAD1A6EB6C
:105210000B06286ED944002EB9D0193049463246C3
:1052200005EB8000FFF792FAA4F57F44286EFF3C5F
:105230003044B4F5803F4744286692D2AEE74245F9
:1052400028BF4246164639465044FFF77FFA286E7B
:10525000EB6D3044834207EB06092866A8EB06068F
:105260008CD1802B28BF802351461A4604A8FFF713
:105270006DFA0023E96D02AACDE9003304A800F01D
:1052800083F90028AED12846EA6D02A900F0D8F9CA
:105290000028A7D1EB6D286670E70120704705F163
:1052A0006403394632461844FFF750FA286EEA6D17
:1052B0003044A41B374428667BE72B6E2246193303
:1052C00005EB83003946FFF741FA2B6E23442B662A
:1052D00079E7802A28BF802205F1640104A8FFF73E
:1052E00035FA0023E96D04A8CDE9003302AA00F0E5
:1052F0004BF900287FF476AF2846EA6D02A900F04A
:105300009FF900287FF46EAFEA6D286654E73246B5
:10531000284602A900F094F900287FF463AF3744CF
:10532000A41B4EE7F8B51C460546114816460F4625
:10533000FFF744FE21460E48FFF75AFE044620B10F
:105340000B48FFF74FFE2046F8BD3A46294608486D
:10535000FFF762FE04460028F2D131460448FFF709
:1053600085FE04460248FFF73DFE2046F8BD00BF1B
:10537000B02700201C2370B582B001A90546019317
:1053800000F032F8044638B9019B1C2B07D0144CAE
:105390001C212846FFF7DCF9204602B070BDD5E994
:1053A0000112131E18BF0123003918BF0121012665
:1053B00028689B00EA6843EA4103002818BF43F0CD
:1053C0000103EE612AB9C5E90834002BE4D1054C8C
:1053D000DEE7204643F00803C5E9083402B070BD9B
:1053E000370CF0000E0CF0000346002866D00029B0
:1053F00064D00A681C2A61D14FF47F023B49D2F87D
:10540000100C88425CD0D2F8101C013158D0D2F870
:10541000101C4FF47F021960D2F8140C34498842F2
:1054200060D0D2F8141C01315CD0D2F8141C4FF4B7
:105430007F025960D2F8181C11F5947F4FD0D2F832
:10544000181C01314BD0D2F8181C4FF47F02996020
:10545000D2F81C0C274988423ED0D2F81C1C0131DE
:105460003AD0D2F81C1C4FF47F02D960D2F8001C4D
:1054700070312FD0D2F8001C01312BD0D2F8001C93
:105480004FF47F021961D2F8041CAF3120D0D2F85A
:10549000041C01311CD0D2F8041C4FF47F02596166
:1054A000D2F8080C144988420DD0D2F8081C0131FA
:1054B00009D0D2F8082C00209A617047012070476B
:1054C00040F6FC01A5E740F2373200209A617047B0
:1054D0005121E2E79021D3E742F60411C3E740F6F9
:1054E000D861B2E742F2D001A1E700BFFCF8FFFFAC
:1054F000D020FFFF0429FFFF37F3FFFF014608B567
:105500004FF48060FFF7AEF80022034BC3F8C821C8
:10551000C3F82C2108BD00BF0010845001380728B3
:1055200005D8DFE800F0100E040A0404040607485A
:105530007047CB6800204B6270478B6800204B623D
:1055400070474B68F6E70B68F4E700BF310CF100D9
:105550000B6802E0082B0B6006D8026A13424FEA80
:105560004303F7D00020704700487047310CF1002A
:105570000022044B4FF48060C3F82C21C3F8C421EF
:10558000FFF756B800108450F0B5002483B0B0F196
:10559000005F8DF8074025D38C468444BCF1804FD2
:1055A00004461FD817461D4601220DF1070300F0DF
:1055B00097F90646B0B99DF80730099A3C603B71EF
:1055C00092B14DB10246089928460DF1070300F04B
:1055D00087F938B99DF807303046099A156013717C
:1055E00003B0F0BD4FF47506304603B0F0BD00BF08
:1055F000D8B108B50368012B04D0022B0FD043B1FA
:105600000B4808BD20220B490830FFF79FF8002007
:1056100008BD142208490830FFF798F8F7E7202260
:1056200006490830FFF792F8F1E74FF4730070472E
:105630000100F300785E0000B85E0000985E000094
:105640002DE9F843002900F0F9800446002800F015
:10565000F98003680F469046002B00F0C380013BA1
:10566000012B00F2D7804FF0FF3178484FF002094C
:10567000FFF786F8002840F0BF800020FFF7B0F861
:105680000646002840F0C280714AD2F81C39002B2F
:10569000FBD16F4DD5F8203C002BFBD14FF0FF30F4
:1056A000FEF7C6FFD5F8040A20F04000FEF7CEFF53
:1056B00001230722C5F81838C5F80029C5F8C437F2
:1056C000A36CC5F8CC37E36CC5F8D037C5F8C097E4
:1056D00023685BB1013B012B18D8636AC5F85C36BF
:1056E000236AC5F85836E369C5F85436A269584BA1
:1056F000C3F850266269C3F84C262269C3F84826CD
:10570000E268C3F84426A268C3F84026504AD2F89B
:105710001039002BFBD1B8F1000F5FD06368402037
:10572000012B08BFC2F884363A68494BC3F8282CCD
:10573000C3F82C8CFEF790FF0646454AD2F8103984
:10574000002BFBD1424AD2F8203C002BFBD123682E
:105750005BB1013B012B18D8D2F85C366362D2F8FA
:1057600058362362D2F85436E361394BD3F85026C9
:10577000A261D3F84C266261D3F848262261D3F89F
:105780004426E260D3F84036A36000230121304A6A
:10579000D2F8CC07A064D2F8D007E064C2F8C417EE
:1057A000C2F88436C2F8C837D2F81039002BFBD1C2
:1057B000C2F81838002E3BD1254BD3F8040A40F02C
:1057C0004000FEF743FF0120FFF70AF860BB1F48C7
:1057D000FEF7DEFF10BB3046BDE8F8830423C2F8B5
:1057E000C837AAE74FF0FF3118484FF00109FEF71C
:1057F000C7FF00283FF441AF1648FFF757F80020D5
:10580000FEF7EEFF064600283FF43EAF1248FFF7D2
:105810004DF839E7114E3046BDE8F8831048FFF7E0
:1058200045F83046BDE8F8830E48FFF73FF8CEE76D
:10583000102104F10800FEF78BFFBDE70A4E304649
:10584000BDE8F8834FF47306C5E700BFE010002001
:1058500000108450745D00008C5D00000100F300B6
:10586000CC5D0000AC5D00000300F300A0B3034674
:1058700070B4D0E90240D3E9041226BA05BA0CBAD2
:1058800010BAC3E90440D3E90612986A09BAC3E919
:10589000026512BA996100BAD3E9084125BA0CBA77
:1058A000C3E90725D3E90B12C3E9094009BAD86B4C
:1058B00012BAD962D3E90D4125BAC3E90C250CBA55
:1058C00000BAD3E9101209BA12BAC3E90E4019643A
:1058D00000205A6470BC70474FF47300704700BFDB
:1058E00000201870704700BF431810B501D21F2A5E
:1058F00001D9002010BD013902F014030144102B1E
:1059000080EA01043CD009DC8BB1042BF1D11F2CBF
:1059100040E840F315D941E840F10EE0142BE8D1FE
:105920001F2C40E8C0F30CD941E8C0F105E01F2C62
:1059300040E800F305D941E800F11C460B468C42D3
:10594000D7D122F01402013A0A2AD2D801A151F883
:1059500022F000BFA35900009D5900008F5900009C
:10596000F3580000F3580000F3580000F35800000B
:10597000A9590000A3590000975900008F59000051
:105980001F2C40E880F3DCD941E880F1D5E713F41F
:10599000001FAFD1ADE713F4801FFAE75B02A9D572
:1059A000A7E713F4002FF4E713F4802FF1E700BF0B
:1059B00008B5074B044613B10021AFF30080054B37
:1059C0001868836A03B19847204600F029F800BFA1
:1059D00000000000CC5E000070B50D4D00260D4C9F
:1059E000641BA410A64209D10B4D00260B4C00F0FD
:1059F000A5F9641BA410A64205D170BD55F8043B5F
:105A000001369847EEE755F8043B01369847F2E730
:105A10004806000048060000480600004C0600004A
:105A2000FEE700BF002383F300887047FDF7C0BA8C
:105A3000EFF30880EFF309812DE9F00F6B46724612
:105A4000FAF788FF08B0FFF7F1FFFEE7FDF7B0BAFD
:105A5000EFF30880EFF309812DE9F00F6B467246F2
:105A6000FAF778FF08B0FFF7F1FFFEE7FDF7A0BAFD
:105A7000EFF30880EFF309812DE9F00F6B467246D2
:105A8000FAF768FF08B0FFF7F1FFFEE7FDF790BAFD
:105A9000EFF30880EFF309812DE9F00F6B467246B2
:105AA000FAF758FF08B0FFF7F1FFFEE7FDF780BAFD
:105AB000EFF30880EFF309812DE9F00F6B46724692
:105AC000FAF748FF08B0FFF7F1FFFEE7814270B434
:105AD0000546144602D370BC00F02EB8821821444B
:105AE0003CB141EA020313F003030FD1E01803288D
:105AF00012D86FF00300A3084343002019441A444E
:105B00002344984210D1284670BC704711F8013DDB
:105B1000013C02F8013DE3E7581850F8046C98186E
:105B200040F8046C043BE1E70C1A14F8016C141AF9
:105B300004F8016C0130E4E770B504463AB141EA7B
:105B4000040313F003030CD1D518032D0FD822F052
:105B500003031C441944002302F0030293420CD1B6
:105B600070BD11F8013B013A04F8013BE6E7CD1A9C
:105B70002E68E51A2E60043BE6E75D5CE5540133D0
:105B8000ECE7F0B5044662B922F00303234402F0C7
:105B900003021A44934214D1F0BD04F8011B013AE8
:105BA000F1E7A307F9D115460B0443EA01630B4360
:105BB00043EA01231619032DE6D9771B3B60043D08
:105BC000F9E703F8011BE5E708B5EFF30583C3F335
:105BD00008030BB1FDF7ECF9BDE80840FDF7B6BAD4
:105BE00010B50446EFF30583C3F308030BB1FDF7CB
:105BF000DFF92046BDE81040FDF7ABBA2DE9F041D2
:105C000004460D4616461F46EFF30583C3F308030B
:105C10000BB1FDF7CDF93B46324629462046BDE89B
:105C2000F041FCF747BE2DE9F04104460D4616460B
:105C30001F46EFF30583C3F308030BB1FDF7B8F973
:105C40003B46324629462046BDE8F041FCF76CBE93
:105C500008B5EFF30583C3F308030BB1FDF7A8F90B
:105C6000BDE80840FDF745BA00207047704710B501
:105C7000044608B1FDF740FF2046BDE81040FDF79F
:105C80002BBF10B50446406A10B1A16AFFF7EFFFC1
:105C90000020C4E9090010BD38B50546FFF7F1FF43
:105CA0002B7F0446012B0ED0023B012B0ED82B6A12
:105CB000012B18BF6FF096042C2200212846FFF715
:105CC00060FF204638BD2B6A002BF2E76FF0960488
:105CD000F2E70020704770470020704713B500209E
:105CE00001AB1446FEF700F830B9019BA34218BF80
:105CF0006FF0930002B010BD6FF09200FAE7002041
:105D000070472DE9E04F2746A046A146A246A3468C
:105D1000A446A2B02DEC000A84F30088254626464E
:105D2000A447EFF3148515F0080F18BFB0EE400A32
:105D30003DEC000A22B0BDE8E08F0000F8B500BFDE
:105D4000F8BC08BC9E467047F8B500BFF8BC08BC5C
:105D50009E4670477AFFFFFFFF8FFFFFFF8FFFFF19
:105D6000FE8FFFFFFE8FFFFFFD8FFFFFFC8FFFFF0A
:105D7000FC8FFFFF4661696C20746F206163717551
:105D8000697265206D757465780A00004661696CFA
:105D900020746F20696E63726561736520504D20B9
:105DA000636F756E7465720A000000004661696C6D
:105DB00020746F20646563726561736520504D20A7
:105DC000636F756E7465720A000000004661696C4D
:105DD00020746F2072656C65617365206D757465E4
:105DE000780A0000436F756C64206E6F74206C6FCE
:105DF000636B20706F7765722073617665206D75B7
:105E0000746578006D757465785F6672656520638A
:105E1000616C6C65642077697468204E554C4C2029
:105E2000706172616D6574657200000043616E2778
:105E30007420696E697469616C697A65206D757426
:105E400065782C20776173204E554C4C0D0A00006C
:105E50004661696C20746F20756E6C6F636B206D8A
:105E6000757465780A0000000A63747820697320ED
:105E70004E554C4C0A00000067E6096A85AE67BBC8
:105E800072F36E3C3AF54FA57F520E518C68059B1C
:105E9000ABD9831F19CDE05BD89E05C107D57C36F1
:105EA00017DD703039590EF7310BC0FF11155868E6
:105EB000A78FF964A44FFABE0123456789ABCDEFE4
:105EC000FEDCBA9876543210F0E1D2C33C110020C7
:105ED00054464D5F43525950544F0054464D5F5005
:105EE0004C4154464F524D5F53455256494345002D
:105EF00000000000000000000000000000000000A2
:107C00007FE97FE9FBF78EBD7FE97FE9FBF79CBD4C
:107C10007FE97FE9FBF7CEBD7FE97FE9FBF7BCBDDC
:107C20007FE97FE9FBF7A2BD000000000000000033
:107C30000000000000000000000000000000000044
:107C400000900050000000005034000002000000CE
:107C50000000000000000000000000000000000024
:107C600000000000FC1100209C11002044010000D5
:107C700090ED00E000A003507FA60350009000505C
:107C80006F9500506D5C0000695C0000835B000034
:107C9000D81000200811002000110020FC10002046
:107CA000F81000207D480000714800006548000081
:107CB0000000000089480000341100202C11002031
:107CC00024110020000000001C1100209549000034
:107CD000E1480000154900005D49000054250020DE
:107CE0003A00003A582500203A00003A5C2500206E
:107CF0003A00003A602500203A00003A00000000F7
:107D00000000000000000000000000000000000073
:107D10000000000000000000000000000000000063
:107D20000000000000000000000000000000000053
:107D30000000000000000000000000000000000043
:107D40000000000000000000000000000000000033
:0C7D500000000000000000000000000027
:1080000010D800208D8900007FC40000798900000D
:108010007989000079890000798900007989000058
:10802000000000000000000000000000518B000074
:108030007989000000000000098B000079890000A8
:10804000B58C0000B58C0000B58C0000B58C00002C
:10805000B58C0000B58C0000B58C0000B58C00001C
:10806000B58C0000B58C0000B58C0000B58C00000C
:10807000B58C0000B58C0000B58C0000B58C0000FC
:10808000B58C0000B58C0000B58C0000B58C0000EC
:10809000B58C0000B58C0000B58C0000B58C0000DC
:1080A000B58C0000B58C0000B58C0000B58C0000CC
:1080B000B58C0000B58C0000B58C0000B58C0000BC
:1080C000B58C0000B58C0000B58C0000B58C0000AC
:1080D000B58C0000B58C0000B58C0000B58C00009C
:1080E000B58C0000B58C0000B58C0000B58C00008C
:1080F000B58C0000B58C0000B58C0000B58C00007C
:10810000B58C0000B58C0000B58C0000B58C00006B
:10811000B58C0000B58C0000B58C0000B58C00005B
:10812000B58C0000B58C0000B58C0000B58C00004B
:10813000B58C0000B58C0000B58C0000B58C00003B
:10814000B58C0000034613F8012B002AFBD1181A46
:10815000013870472DE9F3411C4DAC68E36B13BB4C
:10816000E36A3BBBDFF86480194C1A4EAB681B69AD
:10817000EBB1012240460DF107019847012816D1C5
:108180009DF807200A2A01D00D2A18D12368002B58
:1081900015DD0027F754002200230E490E4802F097
:1081A000C9FE2760E2E7284698470028D8D102B0E8
:1081B000BDE8F081054898470028D3D1F7E7236848
:1081C0001E2B9EBF591C2160F254CFE7A8CF0000A0
:1081D000F0C8002064CA0020E0C600202DE9F34169
:1081E0001C4DAC68E36B13BBE36A3BBBDFF86480F8
:1081F000194C1A4EAB681B69EBB1012240460DF1D8
:1082000007019847012816D19DF807200A2A01D0B6
:108210000D2A18D12368002B15DD0027F754002202
:1082200000230E490E4802F085FE2760E2E728464B
:1082300098470028D8D102B0BDE8F081054898479A
:108240000028D3D1F7E723681E2B9EBF591C21605D
:10825000F254CFE794CF0000F0C8002064CA002099
:1082600008C70020F8B50646FFF76CFF0024054656
:10827000054FAC4200DBF8BD315DBB6802485B686E
:1082800098470134F5E700BFA8CF0000F8B50646CF
:10829000FFF758FF00240546054FAC4200DBF8BD50
:1082A000315DBB6802485B6898470134F5E700BF61
:1082B00094CF000030B589B0304C204604F06CFCFF
:1082C00028B92F4803F0ECFF002009B030BDA368A7
:1082D0008BB11B6C7BB1002220462A49984720466F
:1082E00004F05AFC0028ECD0274D284604F054FC3A
:1082F00018B92648E6E72648E4E7AB68002B3BD0F0
:108300001B6C002B38D00022284622499847204673
:1083100004F042FC0028D4D0204603F0DAFE2846C0
:1083200003F0D7FE1C48FFF79DFF1C48FFF7AEFF88
:108330001B4C1C4D002200236946204602F04AFED9
:1083400040B92846FFF78EFF6846FFF78BFF1648B7
:10835000FFF788FF002200236946144802F03AFE26
:108360000028E7D11248FFF791FF6846FFF78EFF1C
:108370000D48FFF78BFFDDE70E48A3E7A8CF00000D
:1083800064D300005581000094CF0000B0D30000FA
:108390007CD30000DD810000FCD300003BD4000052
:1083A00008C700207AD4000077D40000E0C600207F
:1083B0008CD40000C8D30000014B1B68184700BFD5
:1083C00080C50020014B1860704700BF80C50020A9
:1083D00030B585B004460D4610220021684604F0F1
:1083E0001CFD02238DF80230044B2A4621466846C4
:1083F000019303F013FC05B030BD00BFB98300004A
:1084000080B505460E461746984603F01BFA03460C
:1084100004F06EFD0446DFF81890424649F800303B
:1084200039463046A84754F8090000F017FB00BF52
:10843000080000002DE9F047058B04462807904608
:1084400011D4022905F0070540F0CC80204603F046
:1084500034FF78B10138218B042811D8DFE800F00F
:10846000C2106D85950001290CBF45F0100545F03F
:108470002005258388F31188BFF36F8FBDE8F0874F
:1084800001F0070AAA4500F0A5800027B9463E463C
:10849000A368002B00F0BC8041F00801218388F321
:1084A0001188BFF36F8FA168002900F0BA800D68B2
:1084B000002900F0B680334652462046D1F80480A9
:1084C000C047002D76D02B6829461D46F0E701F005
:1084D00007035A1F012A1BD8002221F00701062B8F
:1084E000276889B2C4E9002209D13B4603E0628BC8
:1084F000013262831B68002BF9D141F00201204652
:10850000218303F0DAFE00287AD041F0200176E0E2
:10851000042B0AD121F0070189B22046218303F000
:10852000CCFE10B141F020012183218B01F0070A1C
:10853000AA454FD00027B946AAE7236921F00701D1
:1085400041F00601062DD3F8009021832DD1B9F119
:10855000000F3FD041F00801218388F31188BFF359
:108560006F8F20463949C84729E021F00701236968
:1085700041F0040189B2042DD3F804902183E6D0A0
:1085800000274FF0040A3E4682E721F007012369E5
:1085900041F0050189B2052DD3F808902183D6D08A
:1085A00000274FF0050A3E4672E700274FF0060A03
:1085B0003E466DE72B4687E7B9F1000FD1D1EFF3C7
:1085C0001188202383F31288BFF36F8F238B23F04E
:1085D00008032383258BEA062ED525F01003238379
:1085E00005F007056669218B002EBFF670AF0023EA
:1085F0002768C4E9003321F0070141F0010121831C
:10860000218B4FF0000901F0070AAA457FF440AF23
:10861000002F9CD041F00801218388F31188BFF31B
:108620006F8F002FC8D03D683946334652462046EA
:1086300003F06FFE2F46F4E7AB067FF51BAF25F086
:108640002003238305F0070500E700BF3FC30000B8
:10865000014B036000207047E8D1000008B50448D2
:1086600003F01EFEBDE80840024803F019BE00BF3B
:108670009ED40000D3D4000030BFFFF7FDBF00BF81
:108680002DE9F04105460B4EDFF82C80324606EB13
:108690000807CC1B2046094904F0B2FBA01942464A
:1086A0000021083C04F0B9FB2C6707F10800BDE885
:1086B000F08100BF0000000004000000C4D10000F1
:1086C000074A936893F90E10002907DB5269934219
:1086D0001FBF044A536843F080535360704700BF84
:1086E00034CA002000ED00E0154B9A6A12F0007FBA
:1086F0009A6A14BF1E201D2012F0807F9A6A18BF4C
:108700001F2012F4801F9A6A18BF022012F4002F53
:108710009A6A18BF212012F4802F9A6A18BF22206B
:1087200012F4003F9A6A18BF232012F4803F9A6A1D
:1087300018BF24206FEA02426FEA12429A62704721
:1087400000ED00E010B5194B0246986A9C6A10F4DF
:10875000805F14BF1720162014F4006F9C6A18BFA6
:108760001820A40509D5986B986A000404D51AB19D
:108770009A6A22F400429A6219200C4B9A6A12F407
:10878000806F9A6A18BF1A20D2050CD49B6A13F422
:10879000005F18BF1C20054A936A43F47F4393622D
:1087A00000230B7010BD1B20F5E700BF00ED00E0BB
:1087B00010B51C4B0246986A9C6A10F0100F14BF4B
:1087C0001120102014F0080F9C6A18BF1220A40773
:1087D00009D5586B986A000604D51AB19A6A22F036
:1087E00080029A6213200F4B9A6A12F0010F9A6A64
:1087F00018BF142012F0200F9A6A18BF1520D40653
:1088000058BF9B6A074B9A6A920642BF5A6A22F483
:1088100000525A629A6A42F0FF029A6200230B7079
:1088200010BD00BF00ED00E0F0B54A4B04465B68A8
:1088300000258BB0C3F3080385F31188BFF36F8F56
:1088400002F07F40B0F17F4F16D1D60714D4550601
:1088500003D4100704D4012504E012F0040200D070
:108860000C4600250022033B8DF80720032B05D87A
:10887000DFE803F02462665F2C46F3E700239DF8EF
:108880000720CAB902AE04F12007324620686168A9
:10889000083403C2BC421646F7D1099A002D53D0C2
:1088A000C2F3080121B96FEA52226FEA422209920B
:1088B000184602A903F0D9FD0BB0F0BD254BDA6ACA
:1088C0009107DBD4DA6A002AD8DBDA6A5200D5D500
:1088D0005A69A16942F480725A61BFF34F8FBFF3A6
:1088E0006F8F5A6931F8021C22F480725A61BFF30B
:1088F0004F8FBFF36F8F4DF60272914201D1236803
:10890000BDE79A6AD2B232B101200DF10701FFF73B
:108910004FFF0346B3E79A6A12F47F4F05D0012058
:108920000DF10701FFF70EFFF3E79B6AB3F5803FF8
:10893000A4D3FFF7D9FEECE700200DF10701E6E72D
:1089400000200DF10701EDE722F4FF7222F0010291
:10895000ADE700BF00ED00E0064B5A6942F010029F
:108960005A615A6942F480625A615A6922F00802D7
:108970005A61704700ED00E0EFF30880EFF30981E2
:1089800001B57246FFF750FF01BD00BF002080F324
:108990001488BFF36F8F002080F30A8880F30B8860
:1089A00004F046F800200E490860BFF34F8F0D48D1
:1089B00080F3088800F02CF8202080F311880A4802
:1089C0004FF40061401880F30988EFF3148002210E
:1089D000084380F31488BFF36F8F00F0FBF80000AA
:1089E00094ED00E010D80020D0CA002000231846E3
:1089F0000649D1F89020C2F30722934200DB70476A
:108A0000C1F89830C1F8A0000133F6E700ED00E0AE
:108A100010B572B6002484F31388FFF7E7FF2346EE
:108A20004FF0FF300C4A03F120010133102B42F8C4
:108A30002100F8D100234FF0FF30074A03F1600115
:108A40000133102B42F82100F8D162B6BFF34F8FEB
:108A5000BFF36F8F10BD00BF00E100E0084B9B68C3
:108A600083420BD1EFF3058343B1064B5A6842F0C2
:108A700080525A605A6A22F400425A6204F085B960
:108A800034CA002000ED00E06FF00A01084A936844
:108A90009967084958674B6843F080534B6000233F
:108AA00083F31188BFF36F8F9368986F704700BF8F
:108AB00034CA002000ED00E0104A936883F87D007E
:108AC000EFF31183202383F31288BFF36F8F4FF0EE
:108AD0000061536920F0FF009360094A5160196FEB
:108AE000084A1160002193F87D2010435A6F59679E
:108AF00082F31188BFF36F8F704700BF34CA002024
:108B000000ED00E0F4C8002010498A6882F87DE09A
:108B10004FF030001044EFF3098C80E8F01F7446EA
:108B20007046FFF7C9FFA64608498A68864602F1E3
:108B3000300090E8F01F8CF3098802F1000004B5C2
:108B400003F0AAFCBDE804407047000034CA0020CE
:108B50001EF0040F0CBFEFF30880EFF3098081696A
:108B600011F8021C0229FFD001B503F084FC01BDFD
:108B700040B2002807DB01234109034A00F01F002F
:108B8000834042F82130704700E100E0054B420984
:108B900053F82220012300F01F0003FA00F01040D8
:108BA000704700BF00E100E040B2002801F1010180
:108BB000ACBF00F16040064B4FEA4111C9B2ABBFF8
:108BC00000F5614000F00F0080F800131954704761
:108BD00014ED00E00B4A08B50B4B22F07F029A60BF
:108BE000BFF34F8FBFF36F8FD3F8882022F470024A
:108BF000C3F8882002F0DCF802F0B0FE00F04EF876
:108C000002F016F90080000000ED00E042F8203C80
:108C1000009B0C4942F81C3C019B21F0010142F8E9
:108C2000183C029B42F8081C42F8143C4FF0807339
:108C300042F8043C002343674FF43C43203A02656A
:108C4000C36770470184000000B50D4B154698605E
:108C5000026F0C4B0E461A60036E83F30B882C4692
:108C600086F309884FF00000074B984720464FF0E5
:108C700000014FF000024FF00003044C204700BFFA
:108C800034CA0020F4C80020A1C400000184000000
:108C90001022014B1A61704700ED00E000232021F3
:108CA0000348C2180133412B82F80013F9D17047F1
:108CB00000E100E008B5EFF30583064A103B02EB44
:108CC000C30152F8330049688847BDE80840FFF700
:108CD000F7BC00BFBCCF00001FB5094C094A2346B2
:108CE0000121094800F0FAF800230393074B012102
:108CF000E41A01A80193029400F0FAF804B010BD40
:108D00000000042080C50020E8D1000030C700200A
:108D100010B50C7A0B6804F01F0223F01F031A43EE
:108D2000CB68640923F01F03054943EA440343F079
:108D30000103C1F89800C1F89C20C1F8A03010BD13
:108D400000ED00E010B5074BD3F89030C3F30723D4
:108D5000013B984202D8FFF7DBFF10BD6FF0150012
:108D6000FBE700BF00ED00E02DE9F04F0F46144691
:108D700006464FF000084D4D85B0B84580F2928010
:108D8000D6F80490B9F1000F36D0B9F11F0F40F2B8
:108D9000878019F01F0F40F08380D6F800A01AF0EA
:108DA0001F0F7DD1504603F09EFB834609EB0A005E
:108DB000013803F098FB834572D11BF1160F6FD079
:108DC0005C456DDDC5F898B0D5F89C10C5F898B035
:108DD000D5F8A03021F01F0143F01F0AD6E9003278
:108DE0001A44994202F1FF391ED1CA4508D13146D1
:108DF0005FFA8BF003F080FB08F101080C36BCE74A
:108E00003146C5F898B0D5F89C3022F01F0203F027
:108E10001F031343C5F89C30E0B203F06DFB10F163
:108E2000160F3DD0441CE7E7C5F898B0D5F8A02050
:108E3000013B23F01F0302F01F021343CA453146D2
:108E4000E0B2C5F8A030E8D003F056FB10F1160FE1
:108E500026D0C5F898B0D5F89C209DF808300AF1C6
:108E6000FF3A62F304038DF80830D5F8A0309DF87E
:108E700008205B0863F347128DF80820D6E900321A
:108E80001344009323F01F035344A3EB0903013061
:108E900023F01F036946C0B20393FFF753FFBEE7F9
:108EA0006FF01504204605B0BDE8F08F00ED00E03E
:108EB0000522044BC3F89420BFF34F8FBFF36F8F8D
:108EC000704700BF00ED00E0BFF35F8F0022024B50
:108ED000C3F89420704700BF00ED00E010B5034CCC
:108EE0002278FFF741FF207010BD00BF84CA002028
:108EF0002DE9F74F294D8A4606464FF00008AB464C
:108F0000274FD0451BDAD6F80490B9F1000F3FD0B7
:108F100031680846019103F0E6FA0199044609EB2D
:108F20000100013803F0DFFA84424FF014021D4BB8
:108F300008D002FB08F36FF015024BF8032003B0D2
:108F4000BDE8F08F14F1160F2C60F8D01978A1420B
:108F5000F5DD02FB08B0C7F89840C7F89840D7F88D
:108F60009C4000F10801007B64F304000871D7F80D
:108F7000A0000C79400860F347140C71D7F89C10DE
:108F800021F01F016960D7F8A01021F01F012961AD
:108F900008F1010814350C36B3E700BFF8C800200B
:108FA00000ED00E084CA0020F0B54149414CD1F801
:108FB00090302568C3F307239D4287B075D8002001
:108FC000FFF782FF3C4BC1F8C030854216D13B4CC5
:108FD00001A82570FFF73CFB00250646384FAE423E
:108FE00013D1002023783249D1F89020C2F3072210
:108FF000934254DBFFF75CFF00202FE0616801EB38
:109000000011FFF785FE0130DFE70199280101EB30
:109010000513DA683A40B2F5001F21D0B2F5800F8F
:109020002BD0B2F5801F38D15A689B680958013B94
:1090300022F01F0003440120844623F01F0340EA6E
:109040004C10CDE902218DF8100002A9207805937B
:10905000FFF778FE00281DDA6FF0150007B0F0BDAD
:109060005A689B680958013B22F01F0003444FF0E7
:10907000020C012023F01F03E1E75A689B6809589E
:10908000013B22F01F0003444FF0000C062023F0A8
:109090001F03D4E723780133237001359FE7C1F81C
:1090A0009830C1F8A00001339EE74FF0FF30D5E7BC
:1090B00000ED00E0F4D10000AAFF440084CA0020C3
:1090C0000000F0FF08B5024B1B689847002008BD60
:1090D0000CC90020034B044A1860937843F0020344
:1090E000937070470CC9002084C5002008B506495C
:1090F000064821F00701C1F1005202F5802203F079
:1091000075F8002008BD00BF97DC002010C90020C2
:109110000122024B0020C3F8402570470090034015
:1091200020B1034B800143F001031847704700BF93
:10913000E0D1000013B56C46104B93E8030084E8BF
:1091400003000F4803F028FD20B14FF420212046F2
:1091500003F0F0F90B4B93E8030084E803000848A0
:1091600003F01AFD38B120464FF4C02103F0E2F9B4
:10917000002002B010BD6FF01200FAE7D0D100005D
:1091800080CF0000D8D10000084B70B5C31A0D463F
:1091900007499B10044659434022064803F0E8F96A
:1091A0002B4601462046BDE87040184730C90020D4
:1091B000B76DDBB66CCF0000402373B50B4C00934A
:1091C000041B0B460D460A49A41061430646094A92
:1091D000094803F0F9F9011E05DA30462B4602B0C2
:1091E000BDE87040184702B070BD00BF30C9002014
:1091F000B76DDBB633C600006CCF000010B5EFF3DF
:109200001184202383F31288BFF36F8F074A1368FA
:1092100023F00201DB07116002D4012003F015FCEA
:1092200084F31188BFF36F8F10BD00BF80C9002089
:1092300070B50022012104460520FFF7B5FC0F4858
:1092400001F024F80E4B984215D101F02FF8266951
:109250000C49304603F080F800280BDB012535640B
:109260002469084904F11C0003F076F8002801DBAA
:109270000020E56470BD6FF00400FBE785930000FB
:109280000000AD0B1CD200001FB500220123CDE968
:1092900002236B46084ACDF800D0CDF804D003F085
:1092A000C1F9002805DB4FF480420023684601F035
:1092B000C1FF05B05DF804FB51C600000C22104B45
:1092C000014602FB0033002030B4D3E90E5298630C
:1092D000EFF31180202484F31288BFF36F8F1C6C8E
:1092E00004F0C00444F002041C6480F31188BFF34E
:1092F0006F8F1DB12B4630BC0248184730BC7047F9
:1093000030C900206CCF000010B4EFF3118220238D
:1093100083F31288BFF36F8F1748016841F002048E
:109320000460C80707D482F31188BFF36F8F012050
:1093300010BC00F0CFBF1149D1F80C04D1F80C14C7
:10934000C907F0D5EFF3118083F31288BFF36F8F55
:109350000B490B6C03F0C00343F002030B6480F372
:109360001188BFF36F8F82F31188BFF36F8F0020D6
:1093700010BCFFF7A3BF00BF80C900200050004011
:1093800030C9002010B1012804D07047034B1B6C7A
:109390005B0701D1FFF792BF704700BF30C90020C3
:1093A0002DE9F041012207463449D1E8EF3FC1E8F9
:1093B000E02F0028F9D133B9314932484B60CB60F6
:1093C0008A6002F0DCFF7B1E012B28D8012F06D11A
:1093D0002D4BD3F81C3403F00303022B1FD003F0F2
:1093E00029FC0546E8B9294B1B78D3B10222064671
:1093F000254BC3F80823244CDFF89480D4F81824B4
:10940000D4F81834D20315D503F00303022B01D08E
:10941000012F0FD16DB386F31188BFF36F8FBDE8B5
:10942000F081EFF31186202383F31288BFF36F8F4F
:109430000125E0E7C5B1304603F046F8D4F8183509
:10944000DBB2012BDAD1D4F80421002AD6D00022D5
:10945000C4F80421D4F804210222C4F818252022DB
:10946000C8F88021A360C9E70021212002F0CCF9CF
:10947000E4E70222044BC3F80423D0E72CC9002000
:109480001CC900204CC9002000500040C9CA00205F
:1094900000E100E008B5074803F07EFB38B106485C
:1094A000FFF718FE0448FEF78DFF002008BD6FF09F
:1094B0001200FBE7A8CF0000BD9400000A2838B5D1
:1094C0000446074D04D1AB680D2128465B689847D8
:1094D000AB6803485B68E1B29847204638BD00BFDF
:1094E000A8CF000038B545682B69B3B110352846C0
:1094F00001F024FB044680B90146284601F0E2FA57
:10950000084B98420BD122462846074901F0B0FA91
:10951000224605213120FFF747FB002038BD6FF0C0
:109520000400FBE70000AD0B2D950000430970B56A
:1095300007D10B4B596821B101250C68094E8540B4
:1095400001B970BD8A682A4002D030464B689847FE
:109550001CB1236821461C46F2E72346FAE700BF08
:1095600084C9002080CF00002DE9F04340F2063589
:109570004668D00648BF0320337B02EA050558BF82
:10958000C2F3401087B001F01F07B5F5837F144682
:1095900047EA43178DF8030042D00FD8062D18D0A4
:1095A00007D8B5B1022D3DD06FF0150007B0BDE86A
:1095B000F083B5F5807FF7D101250AE040F2022261
:1095C000954231D0B5F5407F30D0B5F5007FEBD175
:1095D00002250123220303FA01F129D5736899605A
:1095E000326952BB07F01F037F0973D13B4A84F4F1
:1095F000803102EB8302D2F80032C1F30041C4F3A0
:10960000404423F4E16344EA410423F007031C438C
:1096100044EA800444EA0524C2F800420020C5E779
:109620000725D6E70425D4E70525D2E70325D0E7AB
:10963000630344BF7368D960D2E7103639463046B9
:109640000DF1020201F022FA14F4403F80460CD1E1
:109650003946304603F097FA214B9845DED1304623
:109660009DF8021001F078FAD8E74FF0000901AB3D
:109670003946304603AACDE90439CDE90199CDF840
:109680000C9001F061F8164B98428DD114F4003320
:1096900015D09DF8033084F48034C4F300448DF871
:1096A0000E3039464B46304603AA8DF80C508DF8E3
:1096B0000D4001F045F90A4B9842CDD074E7CDE951
:1096C000043339460DF10303304603AA039301F036
:1096D0003BF8F0E7803352F82330FFDE002584406A
:1096E0000000AD0BF0B5406801F01F04057B87B0AA
:1096F00044EA45140569002D5FD0B2F5001F00F162
:10970000100506D12146284603F03FFA002007B095
:10971000F0BD0027B2F5800F01AE0197776037D119
:10972000B3F1007F14BF052304238DF80430002318
:10973000CDE904630393836823FA01F111F0010179
:1097400018D1B2F1A07F15D104F01F03620903F113
:10975000800338D11D4A52F82330DB070AD40DF1BB
:10976000030632462146284601F090F9184B9842EC
:1097700019D002962146284603AA00F0E5FF154BB2
:1097800098421DD101222146284601F0FDF9BDE78E
:10979000B3F1C06F05D0B3F1007F14BF01230223E2
:1097A000C3E70323C1E73146284601F0E1F9094B3D
:1097B0009842DED06FF00B00A9E76FF08500A6E7B6
:1097C0006FF01500A3E751F82330FFDE0025844039
:1097D0000400AD0B0000AD0B2DE9F04740F2FF1681
:1097E000594FDFF868C1DFF868E100EB8101814281
:1097F00002D10020BDE8F087046814F4804FC4F360
:10980000C325C4F3080340F08C80240EB34208BF84
:109810004FF0FF337D5D192C00F28680DFE804F005
:109820000D13191C1F251C84848484366084848451
:1098300084848484848463787B7EC2F80C355C1CC9
:109840005BD10430D3E7C2F814355C1CF9D0002496
:109850005CE0C2F80835F2E7C2F81035F5E75C1CA9
:10986000C2F80835EDD0002404E05C1CC2F80C35C9
:10987000E7D001245FEA531859D14FF00109DFF80E
:10988000CC8009FA03FAC8F80CA008E0C2F8083541
:10989000002DDAD15C1CD4D000240625A146D0F8D6
:1098A00000A00AF40048B8F1000F1CBF4FF00009F7
:1098B000012403F01F085B093FD10CEB8808D8F89E
:1098C0000032CAF3412A03EA0E0343EA8A0343EA59
:1098D000052343EA090343EA4403C8F80032B0E72A
:1098E000C2F80C35D4E7C2F86035B3F1FF3F046825
:1098F000A7D0C4F30044002CBBD05C091AD10124CA
:10990000DFF8488004FA03F9C8F80890A146C6E7D2
:10991000C2F86435E9E7C2F86835E6E7C2F86C35A5
:10992000E3E76FF0150065E76FF0850062E700235D
:10993000DB60FFDE00239B60FBE7002308F180086B
:1099400053F82830F5E700BF27D5000000258440F4
:10995000F0F8FCFF2DE9F04104460D46476803F09E
:1099600069F94FF0200888B9264B1B7873B164263B
:10997000606802F074FFF0B9012003F05BF8013E6B
:10998000F6D10021212001F03FFFF0E7EFF311862F
:10999000314688F31288BFF36F8F606802F05FFF73
:1099A000A8B986F31188BFF36F8FEFE786F31188AC
:1099B000BFF36F8FE5E7EFF31186314688F3128826
:1099C000BFF36F8F606802F04AFF0028EED0BB69DA
:1099D00000201D706368BA691B68C3F84425012222
:1099E000C3F84825C3F82001D3F82041C3F8580133
:1099F000D3F858019A6081F31188BFF36F8FBDE8E7
:109A0000F08100BFC9CA0020F7B505464268136956
:109A10001168C1F82435137D507D927D03431343B3
:109A2000C1F86C356E68D6E9004313F0010348D0E5
:109A30002F6907F10C0003F006F8304B98425AD119
:109A4000387B04F10C0204F5907102F0F5FF387BCD
:109A5000012707FA00F000F0BBFB0823C4F800352B
:109A6000B369C4F844350023C4F84835A760D4F876
:109A70005831002BFBD00021C4F800156B6801AAF7
:109A8000DC68204602F034FE002805DB019B2268DA
:109A900019791868FFF7A0FE08216A681368C3F8EF
:109AA0000015117A51B9D269C3F834250122C3F8DF
:109AB0003825C3F81011D3F810111A60002003B034
:109AC000F0BD0822C4F80025B269C4F84425C4F8E2
:109AD00048350123A360D4F82031002BFBD00023AC
:109AE000C4F82031D4F820310123E3604FF48073AF
:109AF000C4F80433BBE76FF00400E0E70000AD0BEF
:109B00000123834070B5DC430B4AD2E8EF1F01EA22
:109B10000405C2E8E65F002EF7D14FF480328240A0
:109B20000648C0F80823BFF35F8FBFF36F8F0B4267
:109B300014BF0120002070BD94C9002000500140D6
:109B400070B40E4922F07F46D1E90034D01AC31810
:109B500044F10004C1E90034A6F50013B3F5400F49
:109B600009D2074B1B681A0A1B069C19054B42F1C8
:109B70000005C3E9004570BC01F0CABF40C7002022
:109B800098C9002048C70020D9B101230D4A83405D
:109B9000D2E8EFCF4CEA030CC2E8E1CF0029F7D1BD
:109BA0004FF48033084A8340C2F80433074BD3E8AC
:109BB000AF3FC340DB0742BF4FF40012044BC3F872
:109BC0000021704794C900200050014090C9002036
:109BD00000E100E00D4B1868010A0006BFF35F8F3B
:109BE0000B4BD3F80435181841F10001B3F5801F71
:109BF0000AD2084BD3E90023904271EB030303D24E
:109C000010F1807041F10001704700BF98C9002039
:109C10000050014048C700202DE9F04F85B016469E
:109C20001F4604469DF840A0FFF76AFF0190FFF72A
:109C3000D1FFB04271EB070352D23B4B301A67EBB6
:109C40000101984271F100014DD2384B03EB04132E
:109C5000D3E902239F4208BF964258D04FF4803880
:109C6000334908FA04F8204626F07F4BC1F84883B0
:109C700002F0A9FE4FF00309584604F15005AD006B
:109C8000ADB205F1804504F5A87305F5A83502933A
:109C9000029A20F07F4341F82230C1F84483D1F882
:109CA0000435244AC01A033820F07F4090422ED950
:109CB000286868B1D1F80435A3EB0B0020F07F4091
:109CC000B0F5000F039322D9204602F07CFE039BDF
:109CD000BAF1000F07D109EB030009F10109D7E739
:109CE000BAF1000F09D06FF0150520460199FFF772
:109CF0004BFF284605B0BDE8F08F01230E4AA34074
:109D0000D2E8EF0F1843C2E8E10F0029F8D1074964
:109D10000E982301C8500F9B01EB04120025C2E9E5
:109D200002675360E1E700BF0100800030C70020F8
:109D300000500140FDFF7F0090C900207FB5002545
:109D40004FF0FF304FF0FF31194C1A4B0226C4F888
:109D50000833C4F84833184BC4F80855C3E9020166
:109D60004FF480334FF40012C4F80433134B012135
:109D7000C4F804631520C3F880212A46FEF714FFB7
:109D80001520FEF7F5FE01230D4AA3602360136042
:109D90000C4B0D4A009328460023CDE90155FFF7EF
:109DA0003BFF3046FFF7FCFA284604B070BD00BF09
:109DB0000050014003000F0030C7002000E100E028
:109DC00094C90020419B0000FFFF7F002DE9F7436D
:109DD0002E4BD3F8042390070BD5D3F8042142B1BE
:109DE0000022C3F804212A4AD3F80431136801334E
:109DF0001360264AD2F80433D90326D5254BD3E87D
:109E0000EF1F21F00100C3E8E40F002CF7D1CB07CE
:109E100002D4D2F84031C3B100251C4CC4F84051E3
:109E2000D4F84031FFF7D6FEEFF31182202383F3FD
:109E30001288BFF36F8F184BD3E90267B042B94164
:109E400006D282F31188BFF36F8F03B0BDE8F083B1
:109E50004FF0FF38D3E900104FF0FF391D60C3E920
:109E600002894FF48033C4F84833C4F84051D4F821
:109E7000403182F31188BFF36F8F0029E5D0009045
:109E800032463B4628468847DFE700BF0050014086
:109E900098C9002090C9002030C7002030B5431C6D
:109EA000124C85B005D08442A8BF0446012CB8BF2F
:109EB0000124FFF78FFE0E4B0C4DD3E90013401A1F
:109EC000B0F5000F0FD22218AA4228BF2A46002060
:109ED00052180849CDE90100009143F10003FFF752
:109EE0009BFE05B030BD2A46F1E700BFFFFF7F00B3
:109EF00040C70020419B000008B5FFF76BFE024BF6
:109F00001B68C01A08BD00BF40C700200020054BD9
:109F1000C3E90000044BD3E8EF2FC3E8E10F0029A9
:109F2000F9D17047A0C900209CC9002070B5054632
:109F3000054C064EB44200D370BDD4E9003128462A
:109F400098470834F6E700BF58D5000058D5000000
:109F5000014800F097BE00BF2D9F00000149024854
:109F600002F03DBD29A00000A8C900202C4A00F045
:109F70000800136F072B2BD0132B1CD0052B3AD1C5
:109F8000526D12F4805F14BF1723162312F4006F72
:109F900018BF182312F4007F1EBF224B9B6B19239E
:109FA00012F4806F18BF1A2312F4807F25D112F4A7
:109FB000005F18BF1C23CA6968BBC2F3080020B940
:109FC0006FEA52226FEA4222CA61184602F04DBA85
:109FD000D36DDA0713D49A0713D45A0713D41A0788
:109FE00013D4DA0613D49A0613D413F0800F14BFD7
:109FF0002C232523DFE70023DDE71B23DBE72623D4
:10A00000D9E72723D7E72823D5E72923D3E72A232E
:10A01000D1E72B23CFE722F4FF7222F00102D3E72E
:10A02000A8C9002000ED00E000B5104B89B05A6AC5
:10A03000D86C00929A6A20F005000192DA6A6946AB
:10A0400002921A6B03925A6B04929A6B0592DA6B26
:10A0500006921A6C1B6D07929B0748BF40F00400E4
:10A06000FFF784FF09B05DF804FB00BFA8C900201A
:10A070002DE9F0411F46164B044693F800800D462B
:10A080001646A2B0B8F1000F15D1684602F0FEF9ED
:10A090003A4631462846289BA0470446684602F0C7
:10A0A000F6F9B8F1000F02D00A4801F063F8204633
:10A0B00022B0BDE8F0814FF0FF324FF0FF3305488A
:10A0C00000F0E0FF0028E0D06FF08304EFE700BF6E
:10A0D000C9CA0020CCC60020002300B589B0CDE954
:10A0E000063303AB0493042303900593A9B10B68D3
:10A0F00006934B6807930223111E18BF01210848DD
:10A10000CDE9002140F2F53104AA00F00BF8002857
:10A11000B8BF012009B05DF804FB0123ECE700BFE4
:10A120000501004010B4B1F5004F029C0ED2042B83
:10A130000CD8042C0AD8240444EA0364134644EAE5
:10A140000102014610BC0348FFF792BF6FF0800088
:10A1500010BC7047217C000030B50468ACB1B4FA83
:10A1600084F30122C3F11F03DBB29A4024EA020206
:10A17000D0E8EF5FA54204D1C0E8EC2FBCF1000F9E
:10A18000F6D1EAD102480B7030BD0248FCE700BFAF
:10A190000000AD0B0200AD0B10B50368CB40DB0730
:10A1A00010D401238B40026843EA0201D0E8EF4F4C
:10A1B000944204D1C0E8EC1FBCF1000FF6D1F2D1FB
:10A1C000014810BD0148FCE70000AD0B0400AD0BD9
:10A1D000014BC3F80405704700700140F7B5044611
:10A1E00018B1012822D003B0F0BD0222264B06464A
:10A1F000C3F808230122DA60C3F80401D3F804315C
:10A20000012342F21075204F8DF80730D4B1012C94
:10A21000E9D1D7F80C3403F4803386BB002BE2D0AD
:10A22000012002F007FC013DF3D1DCE70022164BD0
:10A230000DF10706C3F808035860C3F80021D3F8EE
:10A240000031DDE7D7F8183403F480333EB9002B32
:10A25000C9D0012002F0EEFB013DF3D1C3E7D7F8EE
:10A26000182402F003023270002BBCD09DF80700C6
:10A270000128B8D102F0DEFB013DC7D1B3E7D7F822
:10A280000C2402F00102EEE700500040044B1A7962
:10A2900022B9012218601A710248704702487047BB
:10A2A0001CCA00200000AD0B0C00AD0B08B5074B1D
:10A2B0001B6833B10520FEF769FC10B90520FEF7D5
:10A2C00057FC0122024BC3F8182508BD1CCA002008
:10A2D0000050004010B510B1012848D010BD294BE6
:10A2E000D3F81814D3F81824C90324D502F00303B3
:10A2F000022B05D0012B02D00020FFF76FFF0123B6
:10A30000204A0220C2F8183508224FF48273002137
:10A3100003F1804303F5A04319601C68012402F196
:10A32000804202F5A0421460174A12681AB3154B16
:10A33000C3F80403D2E7D3F81424D207DFD5D3F847
:10A340001C2402F00302013A012AD5D80E4A1268F1
:10A350001AB10222C3F80423C0E7D3F80421002A6B
:10A36000FBD00022C3F80421D3F80431B6E7002261
:10A370004FF48073CBE71A68002AFCD019601B6881
:10A38000ACE700BF005000401CCA002010B5164BBF
:10A39000D3F8002152B10020C3F80001D3F8002106
:10A3A0000122C3F80823114B1B6898470E4BD3F8C2
:10A3B000042182B10022C3F80421D3F80421D3F888
:10A3C0001824D3F81824022102F00302012A03D131
:10A3D000C3F818159A6010BDC3F80813034B012089
:10A3E000BDE810401B681847005000401CCA002000
:10A3F00001460148FFF7B0BEDCC50020036803F04A
:10A400001F025B090260024818BF0020704700BFAE
:10A410000025844070B432240279184B624352FA0A
:10A4200081F2083233F81240E10524D5C4F3432108
:10A4300024F4F85423F8124064240026027904FB23
:10A4400002340E3434F8025F15F4807F03D0C5F374
:10A450004325A9420FD00136202EF3D164240025D4
:10A46000624302EBC1029D50027904FB023070BCD2
:10A470005830FFF791BE70BC704700BFE0C50020A8
:10A4800032235843034B50FA81F1083133F811005D
:10A49000400B7047E0C5002032235843054B50FA6B
:10A4A00081F1083133F8110080F00200C0F3400060
:10A4B000704700BFE0C5002032235843044B50FAD8
:10A4C00081F1083133F81100C0F34010704700BF2C
:10A4D000E0C50020024611F0010004D003490B6AD8
:10A4E00013600B6203B90020704700BF0025844051
:10A4F000F0B5054600200126044607468C420BD1E4
:10A50000114BD3F87C2132B10022C3F87C21D3F85F
:10A510007C3140F00040F0BDE3B29B0003F5807257
:10A520009B0806FA03F31D420BD002F1804202F5AC
:10A530004432D2F800C0BCF1000F02D0176012689C
:10A5400018430134DAE700BF001003402DE9F34758
:10A550000546544B296DD3F80403C0B240F00040C7
:10A56000FFF7C6FF061E18DA00236846E96D009360
:10A570004FF00108FFF7AEFF95F85C30DA0758D4CA
:10A58000296D4FF00040FFF7B3FF6846E96DFFF714
:10A59000A1FF0028F0D126F000460124002E68D14A
:10A5A00002B0BDE8F08794FAA4F4B4FA84F4E008A9
:10A5B00004F1080335F8139004F007021DF8003089
:10A5C00008FA02F223EA02030DF8003001A8019410
:10A5D000FFF714FF019B4FEA9901803350F8237075
:10A5E000C9F3820A4B07D146C7F3014725D5524626
:10A5F0002846214602F083FA01A80194FFF7FEFEE7
:10A60000019BFFB2803350F82330C3F301439F42D4
:10A6100007D10021204602F063FA3946204602F0B5
:10A620005FFA01A80194FFF7E9FE019B08FA03F322
:10A630000362009C002CB6D1A2E7022F0DD10321AA
:10A64000204602F04DFA0AF00503012BE9D14A46F3
:10A650002146284602F053FAE3E70221204602F0A1
:10A660003FFABAF1030FF2D0032FDAD1BAF1020F99
:10A67000ECE796FAA6F3B3FA83F304FA03F29B002D
:10A6800003F1804303F54433D3F8101526EA02069C
:10A69000D3F810252846C2F30142C1F3042102F089
:10A6A0002EFA7BE70010034032222DE9F3410379B3
:10A6B000214F534353FA81F3083337F813300546DB
:10A6C000DB070C46CEB234D502F036FA95F804809A
:10A6D00021464046FFF7F0FE60B121464046FFF7B5
:10A6E000CFFE2A6800B202EB80030022C3F81025D7
:10A6F000C3F8102528462146FFF78CFE32222B791D
:10A7000001A802FB03660023083627F816300194DF
:10A71000FFF774FE019B00EB8300D0F80022074B8B
:10A72000134043F00203C0F80032054802B0BDE810
:10A73000F0810448FAE700BFE0C50020F0F8FCFF14
:10A740000000AD0B0400AD0B2DE9F043D2F80090F2
:10A7500004460D46164685B0B9F1000F34D03222BA
:10A760000079DFF8D081424352FA81F2083238F89A
:10A770001230CFB29B0703D5FFF79EFE00283BD1D6
:10A7800000230DF10F02CDE900338DF80E308DF866
:10A790000F300DF10E014B46284602F058F93221D8
:10A7A000237901FB0373083338F8132022F00202E7
:10A7B00028F81320237901FB0377083738F817307E
:10A7C00043F0010328F817307368002B43D04FF093
:10A7D000320C22791F780CFB02F2D3F804E052FA13
:10A7E00085F2544B083233F81200E9B210F0020F30
:10A7F00004D0BEF1000F18D04F482FE020F4604085
:10A8000020F0200023F81200BEF1000F0DD0032F1E
:10A81000F2D872685068226890F800E002EB8E026D
:10A82000FFB9C2F81075C2F810754FF0320C2279DA
:10A830000CFB0212083233F8120020F01C0023F83F
:10A84000120022790CFB0211083133F8112042EA80
:10A85000870223F81120B36863BB384805B0BDE810
:10A86000F083D2F8108528F00308C2F8108522681A
:10A8700002EB8E00D0F8102522F4473222F4407209
:10A88000C0F810252A02D0F8108502F4F85242EAE6
:10A89000074242EA0802C0F8102522790CFB021296
:10A8A000083233F8120040EA4E3040F0200023F81E
:10A8B0001200BAE72946D3E900872046FFF7AAFD30
:10A8C000B8F1000FC9D0642320791A4E4343F2181F
:10A8D000F358984504D153689F4201D100210CE000
:10A8E000642303FB00600DF10F015830FFF734FCC7
:10A8F000124B9842B2D19DF80F1064222379534332
:10A9000003EBC10346F8038023795343322203EB60
:10A91000C10333445F602379534353FA85F308330B
:10A9200036F8132042EA412242F4807226F81320BE
:10A9300093E700BFE0C500200400AD0B0000AD0BA5
:10A940002DE9F04305460C461F4685B09AB30679BB
:10A950003046FFF7A1FD20B121463046FFF7ACFDA0
:10A9600080BB32235E43DFF8FC9056FA84F608364B
:10A9700039F816305FFA84F813F01C0F02D05378C0
:10A98000012B1FD001238DF80F3000232046CDE985
:10A9900000230DF10F01931C013202F058F832220E
:10A9A0002B7902FB038808F1080839F8183043F0C6
:10A9B000030329F81830002F51D021462879FFF7DA
:10A9C0006BFD18B1284805B0BDE8F0833E782B68D0
:10A9D000244903EB8603C3F81005C3F810053220A1
:10A9E0002B794FEA860C434353FA84F3083331F84A
:10A9F00013E0E2B22EF4604E2EF0200E21F813E0A8
:10AA000097F801E0BEF1000F29D02B68BF789C4475
:10AA1000DCF810354FEA0E4E23F4981323F4F85364
:10AA2000CCF81035230203F4F8530EF4403E3F05F2
:10AA3000DCF8108543EA0E0307F480173B4343EA32
:10AA40000803CCF810352B7900FB0322083231F8CB
:10AA5000123043EA463343F0200321F81230034812
:10AA6000B1E700BFE0C500200400AD0B0000AD0B56
:10AA700030B564250479044B05FB0434A1600179E9
:10AA800005FB0133DA6030BDE0C5002038B505793B
:10AA90000C462846FFF710FD58B132235D43064BA4
:10AAA00055FA84F4083433F8143004485B0B1370FF
:10AAB00038BD0348FCE700BFE0C500200000AD0B37
:10AAC0000400AD0B2DE9F041064607796420184DCE
:10AAD00000FB075898F8604044BB4046214640229E
:10AAE000103002F09AF921463068D8F850608E4252
:10AAF00012D10023C0F87C31D0F87C3140F307300C
:10AB0000FEF736F8642303FB07550123094885F84F
:10AB10006030AB65BDE8F081CBB29B0003F580727D
:10AB20007C2B04BF845083580131E0E70248F1E7F1
:10AB3000E0C500200000AD0B0C00AD0B64210279D4
:10AB4000044B01FB023393F86000003818BF01206A
:10AB5000704700BFE0C5002064235422007913FB36
:10AB6000002302481844FFF717BB00BFE0C50020D0
:10AB700064235422007913FB002302481844FFF792
:10AB8000EBBA00BFE0C5002073B503680D46D3F8EB
:10AB9000041306460029A4BF4FF00041C3F8041374
:10ABA000047929462046FFF787FC00B32946204652
:10ABB000FFF772FCD8B129462046FFF761FC00255B
:10ABC00001B23468890001F58073E550E3583368B9
:10ABD0000B44D3F8101541F00101C3F8101522B150
:10ABE000012332688340C2F8043302B070BD3223BF
:10ABF0005C43104B54FA85F4083433F81430C3F333
:10AC00008203042B11D0052B11D001A80195FFF769
:10AC1000F5FB019A0369D34003F00103991C284610
:10AC200002B0BDE8704001F05BBF0321F7E70221ED
:10AC3000F5E700BFE0C500200148FFF787BC00BF73
:10AC400044C60020F8B5012600270B4B0B4DD3F866
:10AC50000C4304B9F8BD94FAA4F0B0FA80F006FAF7
:10AC600000F324EA0304064B82009F502B68002B5C
:10AC7000EFD0A9689847ECE700A0024024CA002062
:10AC800000A10240014B1860704700BF30CA00208D
:10AC900038B5EFF31185202383F31288BFF36F8F4C
:10ACA000064B9C6801F08BFF85F31188BFF36F8F13
:10ACB0002046BDE83840FDF7D1BE00BF34CA0020B1
:10ACC00038B5094B53F82040013053F82050A542C5
:10ACD00000D838BD636823B1204601F073FF083403
:10ACE000F5E723689847FAE74CD30000012270B5D6
:10ACF0002A4B032086B01A70FFF7E2FFFDF7AEFC87
:10AD000001F07CFF0420FFF7DBFF254C254D264694
:10AD1000AE4204F1300410D300F0B8FC204C224EB7
:10AD2000AC4226D300F0C6FCFDF7C4FA1F4A137BE1
:10AD300023F00103137306B070BD54F80C3C059367
:10AD400054F8103C049354F8143C039354F8183C02
:10AD5000029354F81C3C019354F8203C009354E9AE
:10AD60000A2354E90C0100F08BFA54F8303C5E657C
:10AD7000CDE7D4E90A23B3F1FF3F08BFB2F1FF3FAB
:10AD800005D052EA0301206803D101F059FF3034A5
:10AD9000C6E73146183000F041FEF8E7C9CA002086
:10ADA000C4D10000C4D100004DCD0000D0C70020A8
:10ADB00008B50348034A0021121A01F01BFF08BD21
:10ADC00030C70020CCCA00200023012270B586B015
:10ADD000CDE904230F220193CDE9023214234FF46D
:10ADE000A0720E4D0E4E03FB00550E4906EBC01629
:10ADF000044602FB00110C4B3046009500F040FA6F
:10AE0000737B2C7423F004037373084B013403EB3E
:10AE1000C423EE606B6006B070BD00BF34CA002072
:10AE200050C70020D0D200200FCC0000D0CA002094
:10AE3000BFB50020FFF744FF2D4B03F5006282F3FE
:10AE4000088883F30A880024E0232A4D2A4E85F8D7
:10AE50002230EC772C766C76AC7685F820406B6AE5
:10AE6000264F43F4E0236B6285F82340FDF774FD21
:10AE7000FDF70EFF4FF0FF33AB62EB62FEF794F885
:10AE8000FDF72AFF40F201131D4D2846AB81C5E9AD
:10AE9000184400F0BDFEB56001F07DFE0120FFF713
:10AEA0000FFF0220174DFFF70BFF00F023FC164B9E
:10AEB00075610593012315494FF48062CDE9034381
:10AEC00028463B46CDE90144009400F0D9F90646F6
:10AED0006A7B284622F004026A7301F0EDFE2046E8
:10AEE000FFF772FF3A4631462846FDF7ADFE00BF38
:10AEF000D0CA002000ED00E034CA0020EDAC000014
:10AF000050C80020D0C7002043D5000010D4002036
:10AF100038B5064C064DAC4201D3002038BD204662
:10AF2000D4E9011201F06BFE1434F4E7B8C6002036
:10AF3000CCC600202DE9F34104460E4600F1080876
:10AF4000EFF31187202181F31288BFF36F8F056A19
:10AF5000C1688D422AD201F0FDFE31460546A26845
:10AF600078B10024406901F04BFF2846AC6701F03E
:10AF7000A3FE4046394600F045FB204602B0BDE83E
:10AF8000F081E06901F03CFF0020E369A26813440E
:10AF90006269E361934204BF2369E361236A013379
:10AFA000236287F31188BFF36F8FE7E752EA03014B
:10AFB0000AD0074989684E61CDE900233946024627
:10AFC000404600F0AFFAD9E76FF02200E9E700BF92
:10AFD00034CA0020F7B50446084604F10807EFF329
:10AFE0001186202181F31288BFF36F8F216A002917
:10AFF00031D0A268A16901F003FFA369A2682046CD
:10B0000013446269A361934204BF2369A361236A65
:10B01000013B236201F09EFE054660B34169A268D0
:10B02000E06901F0EDFEE369A26828461344626915
:10B03000E361934204BF2369E361236A013323621E
:10B040000024AC6701F038FE3846314600F0DAFAE9
:10B05000204603B0F0BD52EA03010AD008498968CE
:10B060004861CDE9002331462246384600F05AFABD
:10B07000EFE76FF0220086F31188BFF36F8FE8E7E8
:10B0800034CA00202DE9F341044617461E46EFF36B
:10B090001188202383F31288BFF36F8FC368334A6C
:10B0A0007BB180689168884219D057EA060318D1AD
:10B0B00088F31188BFF36F8F6FF00F0002B0BDE807
:10B0C000F081916891F90E100133E360936821617A
:10B0D000A36088F31188BFF36F8F0020EEE721692A
:10B0E000F2E791F90E1090F90E306FF07E0299425E
:10B0F000A8BF19469142B8BF11468B422DDD01F021
:10B1000091FD054622464146CDE90076184800F0FB
:10B1100009FA0028E1D0EFF31186202383F3128887
:10B12000BFF36F8FA068D0B1236821699C420AD019
:10B130004BB193F90E309942A8BF19466FF07E03C8
:10B140009942B8BF194601F06DFD40B1314608483B
:10B1500000F058FA6FF00A00B0E70025D2E7002DA2
:10B16000F4D186F31188BFF36F8FF3E734CA002060
:10B17000CACA002038B58368044663B3194A926886
:10B1800093422BD1C368012B03D9013BC36000203C
:10B1900038BDEFF31185202383F31288BFF36F8F3F
:10B1A0000169806801F03EFD204601F0D3FDA060FA
:10B1B00058B190F90E2022610022826701F07CFDD7
:10B1C0002946094800F01EFAE1E7E06085F311889E
:10B1D000BFF36F8FDBE76FF01500D9E74FF0FF305B
:10B1E000D6E700BF34CA0020CACA002038B50446DA
:10B1F000EFF31185202383F31288BFF36F8F01F0E3
:10B20000A9FD48B10022826701F056FD2946BDE83C
:10B210003840074800F0F6B9D4E902329A4218BF24
:10B220000133A36085F31188BFF36F8F38BD00BF72
:10B23000CACA002013B5EFF31181202484F31288C9
:10B24000BFF36F8F846844B1013C846081F311883F
:10B25000BFF36F8F002002B010BD52EA030406D185
:10B2600081F31188BFF36F8F6FF00F00F3E7CDE923
:10B2700000230246014800F055F9ECE7CACA002055
:10B280002DE9F043984685B000F15803C0E9163324
:10B29000109B002603730423073222F00705437333
:10B2A0000F9B01EB05090F4683734946C0E906660B
:10B2B0008660C6730446FDF7E3F90E9B073020F065
:10B2C0000700A066C4E9187502930D9BA9EB00095D
:10B2D00001930C9B4A460093394643462046FDF7AE
:10B2E00095FC054B66659B6803B1DB6E4846E366DB
:10B2F00005B0BDE8F08300BF34CA002038B50D4D5D
:10B300002B4653F8184F9C4200D004B9EC68AB6848
:10B3100038B95A7BD20604D1A26912B9DA897F2AD8
:10B3200005D89C4202D0204600F0C0FA23466B614B
:10B3300038BD00BF34CA002008B590F90D20014681
:10B34000002A437B04DA03F07F03437301F07AFCA5
:10B35000044B9868431A58425841BDE80840FFF72B
:10B36000CDBF00BF34CA002070B490F90D30427BCD
:10B37000002B29DBD30627D183692BBB134962F04D
:10B380007F0242730A4652F8184F944218BF234670
:10B39000CC6923B9C0E900242060C8610CE090F9B1
:10B3A0000E5093F90E60B5420AD0AE4208DD5A68DD
:10B3B000C0E9003210605860002070BCFFF79EBFEB
:10B3C0009C42E7D01B68E4E770BC704734CA002099
:10B3D000002A2DE9F0410E460CBF10210821427BC6
:10B3E000044611420FD141EA0203D20918D1437336
:10B3F00008291BD00120FFF781FFBFF35F8F637B1C
:10B4000023F060036373284B9B68A34245D1EFF39D
:10B410000583002B41D13046BDE8F041FDF734BB38
:10B4200003F07F03437301F00DFCE1E7A36813B160
:10B43000204601F00FFC04F1180001F0C8FCA56DD6
:10B4400004F15807AF4211D04FF0000875B12846FB
:10B4500001F000FC05F1180001F0B9FC2846C5F820
:10B460007880FFF781FFA56DAF42EFD10E4FBB682B
:10B470009C42BFD1EFF30583002BBBD00120FFF727
:10B480003DFF40F20113094DAB8100232846C5E979
:10B49000183300F0BDFBBD60AFE786F31188BFF342
:10B4A0006F8FBDE8F08100BF34CA002050C8002073
:10B4B00070B590F90D200146002A437B04DA03F0B1
:10B4C0007F03437301F0BEFB154A4B7B104663F0CC
:10B4D0007F034B7350F8183FD469834208BF0023A1
:10B4E00023B9C1E900042160D1610CE091F90E504B
:10B4F00093F90E60B5420ED0AE420CDD5868C1E93A
:10B500000030016059609068BDE87040431A5842AD
:10B510005841FFF7F3BE9C42E3D01B68E0E700BF51
:10B5200034CA0020F8B5124B0C46DDE90676114608
:10B530009868104A1060EFF31182202282F312887B
:10B54000BFF36F8F9D68284601F08EFBB6F1FF3F79
:10B5500008BFB7F1FF3F06D03A463346064905F12A
:10B56000180000F05BFA2046BDE8F840FDF78CBA01
:10B5700034CA002054CA00204DCD0000F8B504465E
:10B58000EFF31186202383F31288BFF36F8F437B81
:10B5900049B2DA0619D18569BDB903F07F03437357
:10B5A00001F050FB437B164A63F07F03437313465D
:10B5B000817353F8180F984218BF0546D0695DB9DA
:10B5C000C4E900300460D46111E00020A17386F367
:10B5D0001188BFF36F8FF8BD95F90E70B9420BD08B
:10B5E0008F4209DD6B68C4E900531C606C60012068
:10B5F000FFF784FE0120EAE7A842E1D02D68DEE7EC
:10B6000034CA002049B9EFF3058030B9054B5A69B7
:10B610009B689A4201D0FDF737BA81F31188BFF3D6
:10B620006F8F704734CA002010B5EFF311842022C9
:10B6300082F31288BFF36F8F427B510704D484F3E7
:10B640001188BFF36F8F10BD22F004024273FFF721
:10B650008BFE2146BDE810400148FFF7D3BF00BF75
:10B66000CACA0020034648B9EFF3058232B9064A38
:10B6700051699268914201D0FDF706BA83F31188AF
:10B68000BFF36F8F704700BF34CA0020EFF3118102
:10B69000202383F31288BFF36F8F054B9A68D37B07
:10B6A000013BD37381F31188BFF36F8F704700BFE5
:10B6B00034CA002038B5EFF31185202484F31288B2
:10B6C000BFF36F8F0A4B00209A68D37B0133D3738B
:10B6D000FFF714FE85F31188BFF36F8FEFF311802E
:10B6E00084F31288BFF36F8FBDE83840FFF7BABF0D
:10B6F00034CA0020024B03F11802C3E90622704746
:10B7000034CA0020F8B5EFF31185202383F31288A3
:10B71000BFF36F8F19498868437B03F07F0343733E
:10B7200001F090FA08468B685A7B62F07F025A73E8
:10B7300050F8182FCC69824208BF002222B9C3E911
:10B7400000042360CB610CE093F90E6092F90E7057
:10B75000BE420ED0B7420CDD5168C3E900210B6038
:10B7600053600120FFF7CAFD2846BDE8F840FDF709
:10B770008BB9A242E3D01268E0E700BF34CA0020D0
:10B7800050EA01032DE9F04105460E4603D1FFF7CB
:10B79000B9FF00202BE0831C71F1FF3329DB01F09E
:10B7A0002BFB2C18EFF31188202383F31288BFF3AF
:10B7B0006F8F124F124BB8681860FFF7BDFDB86865
:10B7C00010492A463346183000F028F9BA68404636
:10B7D000537B43F010035373FDF756F901F00CFB54
:10B7E000201A63EB0303012873F10003D1DBBDE8EA
:10B7F000F0816FF00104241AD4E700BF34CA00209E
:10B8000054CA00204DCD0000B1F1FF3F08BFB0F198
:10B81000FF3F08B506D10A4B986801F05CFA4FF07B
:10B82000FF3008BDFFF7ACFF4FF47A7147F6FF73A6
:10B830000022C0FB0132D80B40EA4240F1E700BFD2
:10B8400034CA0020014B9868704700BF34CA0020FA
:10B850000122044BC01A044BC0105843034B1A5426
:10B86000704700BFD0C80020ABAAAAAACACA00204D
:10B87000C3897F2B12D80A4B1B6863B1094B90F91F
:10B880000E201B689A4209DB437BDB0606D1064B80
:10B89000C31A18BF012303F0010070470023FAE721
:10B8A0005CCA002058CA002050C7002070B50E4B5B
:10B8B0000E4C1E7C054606EB460304EBC3042046F3
:10B8C00001F085FA00220A4B28469A55FFF7D0FF6F
:10B8D00048B1084B2046BDE870401A680649013A55
:10B8E000D31700F09BB870BD34CA0020D0C8002028
:10B8F000CACA00205CCA002051B8000038B5EFF376
:10B900001185202383F31288BFF36F8F104B114AE8
:10B910009C681068A04206D1FFF7C8FF85F3118824
:10B92000BFF36F8F38BD00211B7C11600A4AD35CC6
:10B93000002BF3D02046FFF79BFF0028EED0637B5F
:10B94000DB0602D12046FFF7B3FD2046E4E700BF47
:10B9500034CA002054CA0020CACA002008B50648CC
:10B96000064A0749121A01F047F9BDE80840054A9E
:10B970000549064801F040B980C5002030C70020C5
:10B9800078D500000000000060D5000080C50020D0
:10B99000034B1B680BB9FEF7AFBA0020704700BF1E
:10B9A00060CA002030B570B10B4B5B6898420AD07A
:10B9B000036843B1D3E90421D0E90445121941EBEE
:10B9C0000501C3E90421D0E9003213605A60002365
:10B9D000C0E9003330BD00BFA8C6002010B50E4B33
:10B9E0001C689C4204D1FFF7D3FF6FF0004010BDEC
:10B9F000FFF7CEFF002CF8D0D4E904321B1A62EB1B
:10BA0000E072B3F1004F72F10001EEDA002AACBF30
:10BA100018460020EBE700BFA8C60020B3F1FF3FA7
:10BA200008BFB2F1FF3FF8B504461D4616465ED08A
:10BA30008160EFF31187202383F31288BFF36F8FA8
:10BA4000013275F1FF3324DA6FF001032D49D1E99A
:10BA500000209B1A4FF0FF3262EB00009E1B60EB50
:10BA60000500012E70F1000301DA01260020C4E96F
:10BA70000460254ED6F800C07568B44508BF4FF085
:10BA8000000CBCF1000F0DD1C4E900652C6074609E
:10BA90001CE0FFF77DFF013645F10005361845EB48
:10BAA000E070E4E7DCE90420D4E90431934271EB6F
:10BAB000000E1DDAD21ADCF8043060EB0100CCE98C
:10BAC0000420C4E900C31C60CCF804403368B342CE
:10BAD00009D09C4207D10D4B1C6824B9FFF77EFFAB
:10BAE0002146FEF7DBF987F31188BFF36F8FF8BDAE
:10BAF0009B1A61EB0001AC45C4E90431C4D0DCF809
:10BB000000C0BEE7E8C80020A8C6002060CA002028
:10BB10002DE9F84FEFF3118C202383F31288BFF344
:10BB20006F8FDFF8B0A0DFF8B0900024C9F80000F4
:10BB3000DAF800000025504508BF0020274FE046F6
:10BB4000D7E90021D9F8003078B3D0E9046C4FEA86
:10BB5000E37EB3427EEB0C0B05DAF61A6CEB0E04B7
:10BB6000C0E9046421E0B21841EBE671C0E9044584
:10BB7000C7E90021FFF716FF88F31188BFF36F8F25
:10BB800083689847EFF31188202383F31288BFF36B
:10BB90006F8FD9F80030DAF800009B1B5045C4467F
:10BBA000C9F80030CBD1D7E9002100249A1841EB25
:10BBB000E373C7E90023C9F80040FFF70FFF2146F0
:10BBC000FEF76CF988F31188BFF36F8FBDE8F84F6B
:10BBD000FFF794BEA8C6002060CA0020E8C8002075
:10BBE00010B5EFF31184202383F31288BFF36F8F16
:10BBF000FFF7CEFE0346054AD2E90001181841EBD3
:10BC0000E37184F31188BFF36F8F10BDE8C8002083
:10BC1000014BC366704700BFB8C600202DE9F04F46
:10BC200043688DB015468046029383789A0740F1A9
:10BC30000D8100240E78002E00F00A81252E0BD0F5
:10BC40004B1C0393013441463046029B9847002821
:10BC5000C0F2F6800399EDE74E788B1C252E0393F6
:10BC6000F0D00027B946BB46BBF11F0F38D8A6F16C
:10BC70002003102B0AD8DFE803F02A09093009094C
:10BC8000092109090928092D09091F00A6F1300316
:10BC9000092B33D92A2E37D11BF0400F55F8043B1E
:10BCA00040F08280002BA7BF4BF0200B9946C3F1D8
:10BCB00000094BF0280B01E04BF0010B039B13F83C
:10BCC000016B0393002ECFD130E04BF0020B4BF011
:10BCD000040BF3E74BF0080BF0E74BF0100BEDE72C
:10BCE000BBF17F0F19D8A6F13003092BD2D81BF076
:10BCF000400F03D00A2101FB0737DFE70A214BF091
:10BD0000200B01FB0939D9E72E2E06D11BF0400F7D
:10BD100040F09E804BF0400BD0E76C2E31D02BD8FA
:10BD2000682E36D06A2E3CD04C2E3AD0002F46F0EA
:10BD30002003B8BF2BF04002A3F16501BCBF002770
:10BD40001FFA82FB022901D9612B2FD10735072762
:10BD5000DFF8ACA225F0070508351BF0080F66D008
:10BD60000AEB070B56465E4563D1A4EB0A0AA9EB22
:10BD7000070906EB0A026FE1742E9FD07A2E9DD040
:10BD8000D4E71BF0800F18BF4BF4007B4BF0800B07
:10BD900094E71BF4807F18BF4BF4007B4BF4807B4F
:10BDA0008CE74BF4207B89E71F4687E7A6F1630108
:10BDB000122900F2F080DFE811F013004F00EE00CE
:10BDC000EE00EE00EE004F00EE00EE00EE00EE00A2
:10BDD000EE00FE00E900EE00EE001B00EE00AF00FA
:10BDE00055F8043B01270DF1180A8DF81830B4E717
:10BDF00055F804AB834BBAF1000F08BF9A461BF00D
:10BE0000400F504614BF39464FF0FF3101F00DF896
:10BE10000746A2E741462020029B984700280FDBF7
:10BE2000013EB742F6D34C44B146A41B98E74E46B8
:10BE3000F7E7414616F8010B029B9847002892DA73
:10BE400098F8023043F0040388F802304FF0FF34D2
:10BE500020460DB0BDE8F08F1BF0800F34D01BF4EE
:10BE6000007F2CD0073525F00705AA4669685AF8E7
:10BE7000080B2BF010050029ADB237DA404245F42B
:10BE8000806561EB41010DF1180B0A235A4600F061
:10BE9000D8FFA0EB0B0301936B0662D5019B25F045
:10BEA00001019F4289B240F3A180002E00F09980E9
:10BEB00015F0100240F09C80BB460D4623E0AA46D8
:10BEC0005AF8040BC117D4E7AA461BF4807F5AF82E
:10BED000041B01D10846F5E71BF4007F19BF48B2E7
:10BEE00041F3C01108B241F3C031C2E750EA010387
:10BEF000C9D11BF0400FC6D0002FC4D12BF01102C6
:10BF0000BB46019795B240F2064115EA01021CBFFB
:10BF10000BF1010B00222CE02BF010020A231FFA78
:10BF200082FB1BF0800C49D01BF4007115BF073554
:10BF3000AA4625F007055AF8040B1EBFAA466968F1
:10BF40005AF8080B50EA010545D12BF016051BF0F5
:10BF5000400FADB242D0002F40D12BF01702019715
:10BF600095B215F0100248D0019B002E42D103F18A
:10BF7000010B29075AD4EB0706D5D9456FDDA9EB8C
:10BF80000B030199CB465F185B4649E04BF0100B61
:10BF900010237826C5E7782B04D1C6F1780343F047
:10BFA0001003BEE741462520029B98470028FFF674
:10BFB00047AF023447E608230026B2E7AA461BF43F
:10BFC00080715AF8040BBDD01BF400711ABFC0B2C7
:10BFD000614680B2B6E72BF0060295B20DF1180B60
:10BFE00054E725F01105BB46ADB28CE70D46B8E726
:10BFF0003B460D4603F1020BBBE7DDF804B082E7D8
:10C000004FD5000048D50000CDE90432414620203C
:10C01000029B98470028FFF613AF049B059A013353
:10C020009945F1DCA4EB0B019B46CC180AB34146C1
:10C030003020029B98470028FFF602AF8EB90134EA
:10C040002744391B019B994224DC1D4655BB019AAC
:10C05000A9EB0B09554622441446914433E0019F55
:10C0600092E7023441463046029B98470028E7DABF
:10C07000E6E640F206410D42E2D015F0020F04F16F
:10C080000104414614BF2B20202015F4806F18BFF7
:10C090002D20E9E741463020029B013498470028D3
:10C0A000CFDACDE606AB013D4146585D029B98478D
:10C0B0000028CBDAC4E641462020029B0134984791
:10C0C0000028FFF6BDAEA9EB0403002BF3DCC1E5AD
:10C0D000704783681B6A03B118477047836800EB99
:10C0E000C101B3F5004F2CBF51F8220031F8120006
:10C0F000704700EBC1018068B0F5004F2CBF41F8DC
:10C10000223021F812307047012208B5FFF7E6FF10
:10C11000D04008BD836800EBC101B3F5004F08D3E0
:10C120004B681AB143F001034B60704723F00103E1
:10C13000FAE74B881AB143F001034B80704723F0B4
:10C140000103FAE753000122FFF7D3BFB0F5004F18
:10C1500034BF04230823481C0833A0EBD300B0FAF3
:10C1600080F0C0F11F0070472DE9F0410D46866850
:10C170000446FFF7C9FFB6F5004F014601D3012879
:10C1800032D03046FFF7E2FF04EB80010E6996B92A
:10C190000122E36882401343E36002220D612B46D3
:10C1A00029462046FFF7A5FF032229462046BDE881
:10C1B000F041FFF79EBF022231462046FFF78EFF77
:10C1C0000746034629462046FFF793FF03223346DE
:10C1D00029462046FFF78DFF39462B462046FFF7BC
:10C1E00088FF02223146E1E7BDE8F081B2F5802FF9
:10C1F0002CBF082304232DE9F0410026D21A8C1805
:10C20000CD1D25F0070524F00704641BE408056034
:10C2100021462046AC60EE60FFF798FF421D920079
:10C22000013002F107074FEAD7073146A2F11002A9
:10C2300005F11000B8BF324600F0EFFD3A46314636
:10C240002846FFF77FFF3346324631462846FFF740
:10C2500050FFA4EB0708284631460122FFF75AFF9A
:10C2600042463946FFF76EFF3B463246394628467E
:10C27000FFF73FFF21462846FFF764FF434632465B
:10C2800021462846FFF735FF214628460122FFF7C1
:10C2900041FF3946BDE8F041FFF766BF0020704717
:10C2A0000FB407B504A951F8040B0191FCF790F8FD
:10C2B00003B05DF804EB04B07047038B13F0070381
:10C2C00005D10368002B0CBF002003207047022B10
:10C2D00005D1408BB0FA80F0400980007047012BF7
:10C2E00005D10368002B0CBF0020052070470020FB
:10C2F000704710B50C4600B111B96FF0150010BDB4
:10C30000081D00F093F80028F9D1A368032BF6D993
:10C31000F3E72DE9F0410D4607461946281D9046E2
:10C320001E4600F094F8044638B13346424629468A
:10C330003846A446BDE8F0416047BDE8F08110B43E
:10C34000EFF31182202484F31288BFF36F8F4161D1
:10C3500010BC0121FCF76EB838B50C46054658B143
:10C3600051B10B6843B14B6833B11C22002100F07E
:10C3700054FD00202C6138BD6FF01500FBE770B54F
:10C3800005460E46FFF7B5FF041E14DBEFF31182DE
:10C39000202383F31288BFF36F8F4FF6FF716B8BEF
:10C3A0002C8B8B4204F0070407D182F31188BFF372
:10C3B0006F8F6FF00A04204670BD022C0CD1013340
:10C3C0006B8382F31188BFF36F8F002322463146BF
:10C3D0002846FFF79EFFEEE7062C14D8DFE804F0AE
:10C3E00004131313041A0400002333606B683BB971
:10C3F000C5E90066ACB902212846FCF71BF8DAE76C
:10C400001E606E60F6E782F31188BFF36F8F6FF0E6
:10C410000404D0E782F31188BFF36F8F6FF08504B7
:10C42000C9E782F31188BFF36F8FC4E7034658B1A1
:10C43000426802F00302012A03D0032A04D10268F1
:10C4400012B10020986070476FF015007047426885
:10C45000034602F00302032A4FF00002816014BF7A
:10C46000104600685A6070477047012801D1EFF309
:10C470000583FEF70DBC01460068FFF7F6BF08B55F
:10C48000FCF7FAF8BDE80840FCF71AB970477047A6
:10C4900000210120FFF7E9BF036E83F30B8870478B
:10C4A00061B662B680F31188BFF36F8F704772B6C2
:10C4B000002383F31188BFF36F8FBFF34F8F30BF1B
:10C4C00062B6BFF36F8F704772B6002383F3118893
:10C4D000BFF36F8FBFF34F8F20BF80F31188BFF37F
:10C4E0006F8F62B6704740E800F313F4803FD8B214
:10C4F00008BF6FF01500704730B50C684B6885B009
:10C500000A894D890094013B24F01F04234402F062
:10C510001F0242EA451223F01F0369468DF80820E6
:10C520000393FCF70FFC05B030BD08B5FCF7CAFD5E
:10C53000002008BD034670B40C46DA8800681979FB
:10C540002243012405698C402B6812F0010F866894
:10C5500014BF2343A3432B60336870BC18470C22DD
:10C560000369C9B201FB0233186C00F00700704781
:10C5700070B5C9B20369EFF31185202484F31288E2
:10C58000BFF36F8F0C2606FB0134246C14F0C0043B
:10C5900008D0A24206D085F31188BFF36F8F4FF009
:10C5A000FF3070BD012206FB01331A6485F3118848
:10C5B000BFF36F8F436803EBC1035B6898470020AC
:10C5C000EFE78022FFF7D4BFF8B5069F0469C9B230
:10C5D000EFF31186202585F31288BFF36F8F0C25AA
:10C5E00005FB0144256C05F0070CBCF1010F0CD1D3
:10C5F000276486F31188BFF36F8FC4E90E23436865
:10C6000053F8313098470020F8BD05F0C005AF421F
:10C6100086F31188BFF36F8F0CBF6FF077004FF078
:10C62000FF30F1E713B580240094FFF7CDFF02B08F
:10C6300010BD10B41C240069CBB203FB0400002120
:10C6400010BC10470020FDF745BE002000F0FDB9EA
:10C650001046FEF7CBBD436800205B681B690B608A
:10C660007047436802EA01005B6821EA02019860B2
:10C670000020D9607047436800205B68996070476C
:10C68000436800205B68D960704743685A68536804
:10C6900021EA03000B4090600020D360704710B582
:10C6A00003695868F8B1884219D19C680868A142AA
:10C6B000586000D19860002008602AB15A680A606A
:10C6C0009A68596002B99960002010E0814206D151
:10C6D0000868206098688142EDD19C60EBE70446D1
:10C6E00000680028F2D1002AE8D16FF0150010BDD3
:10C6F00030B543681360057A446804EBC504A3426F
:10C7000002D36FF0010030BD5C798C4201D0083358
:10C71000F0E70020F7E743681B68D3F88004C3F80C
:10C720008004704742681368D3F8100150B10020AC
:10C73000D26912780A70C3F81001D3F810210122CF
:10C740001A6070474FF0FF307047002A0FDD4268D3
:10C750001368D3F8100158B10020C3F81001D3F8C2
:10C7600010010120D26912780A7018607047002009
:10C77000704710B5436819680369EFF311822020F0
:10C7800080F31288BFF36F8F002418688473012030
:10C790001B68D8734FF48003C1F8043382F3118807
:10C7A000BFF36F8F10BD012103691A6891730022D6
:10C7B0001B68DA737047026903461168C87B40B191
:10C7C0005B681B68D3F8580118B100230B6113682C
:10C7D0009889704743681B68D3F81001003818BF68
:10C7E00001207047102243681B68C3F80423704778
:10C7F000102243681B68C3F8082370474FF4007287
:10C8000043681B68C3F8042370474FF40072436801
:10C810001B68C3F80823704738B5436804461D6891
:10C82000D5F804335B0205D4D5F8040310F01000EA
:10C8300006D138BDFFF7BFFF0028F5D00120F8E78B
:10C840002046FFF7C7FF003818BF0120F1E701209D
:10C8500070470369186801601B685A607047026876
:10C860000346D2F8580140B95B68DB0706D4D2F81A
:10C870002001003818BF012070470120704710B414
:10C88000436802691B68D3F80413C90517D5D3F8A8
:10C890002011A1B1EFF31181202484F31288BFF39A
:10C8A0006F8FD3F8204134B10024C3F82041D3F86E
:10C8B00020410124DC6081F31188BFF36F8F14687D
:10C8C000D3F858115CB161B1002121611468A47BD7
:10C8D0003CB14FF48000C3F808031368997310BC8F
:10C8E0007047D3F8241121B10021C3F82411D3F8E3
:10C8F000243112681368002BF1D0516810BC18471E
:10C9000010B50446002201210920FCF74DF9092049
:10C91000FCF72EF92046BDE81040FDF775B810B5BC
:10C920000446002201210820FCF73EF90820FCF70C
:10C930001FF92046BDE81040FDF766B82DE9F0412B
:10C9400006690546336801279C8910339442A8BFC5
:10C950001446D3E8EF2F002A03D1C3E8E07F002874
:10C96000F7D10CBF3B4600232BD133682246986891
:10C9700000F046FAEFF31188202383F31288BFF307
:10C980006F8F69680846FFF76AFF326840B904464E
:10C99000106188F31188BFF36F8F2046BDE8F081E6
:10C9A0000B689268C3F844250022C3F84845C3F8D1
:10C9B0002021D3F82011C3F85821D3F858219F60C3
:10C9C000E7E71C46E9E7002200F150039B009BB219
:10C9D00003F1804303F5A8331A601B68704700B564
:10C9E00089B006AB02930823039301AB049304239D
:10C9F0000791CDE9053004AA184602A9FDF76CFBA2
:10CA00000228019B09D003280AD060B9181E18BF5C
:10CA10000120404209B05DF804FB6FF01500F9E712
:10CA20006FF08500F6E74FF0FF30F3E70020704726
:10CA30007047004700F0ABB840F00040C1F88000FC
:10CA4000C2F880007047FDF7D3BCFDF7C7BBF7B550
:10CA50001646DDE90847019001A81D46FDF7CEFC0A
:10CA6000019BB6F1000C18BF4FF0010C00EB8300E6
:10CA70000B1E18BF0123002D43EA4C0314BF4FF0D7
:10CA80000C0C4FF0000C002C43EA0C0314BF4FF4C5
:10CA9000E06C4FF0000C002F43EA0C0314BF4FF47E
:10CAA000403C4FF0000CD0F8002243EA0C0322EA8D
:10CAB000030301B109780EB13678760019430DB140
:10CAC0002D78AD0031430CB12478240229430FB1F5
:10CAD0003F783F040C433C43C0F8004203B0F0BD34
:10CAE0001FB50DF10F03019300238DF80F101A46A7
:10CAF00019460093FFF7ABFF05B05DF804FB70B576
:10CB000001F1080330F813301646DA0504460D46E5
:10CB100009D5C3F3432300EBC302314650F8333049
:10CB2000526828469847A3682BB131462846E268E8
:10CB3000BDE87040184770BD38B5057904462846F1
:10CB40000A46FDF7B9FCC0B111462846FDF7A4FC22
:10CB500098B111462846FDF793FC012322688340D3
:10CB6000C2F80833226803B202EB8303D3F810251E
:10CB700022F00302C3F8102538BD0021BDE838407B
:10CB80001046FFF7ADBFFDF78FBDFFF7D5BF08B16A
:10CB9000FCF7C6BA7047704740B1C368587810F0C8
:10CBA00001001EBF1878B0FA80F040097047EFF31B
:10CBB0001183202383F31288BFF36F8FFEE708B53C
:10CBC000FFF7F5FF10B5D0E9003433B90020E26873
:10CBD000537843F00103537010BD20469847002856
:10CBE000F4D00028B8BF4042FF28A8BFFF20E36868
:10CBF0001870ECE700F011B900F002B9704710B4FA
:10CC000000F10C04C0E9034410BCFFF7EFBA202484
:10CC100008B5EFF3118384F31288BFF36F8FFFF72A
:10CC200046FCF6E790F90E308B4201D0FEF7A6BC29
:10CC300000207047EFF30580003818BF01207047CF
:10CC4000FEF7F2BCD0E9003213605A600023C0E95D
:10CC50000033704708B5FFF7F5FF437B23F002036D
:10CC600043730023836008BD38B504460D46FEF7C4
:10CC700063FB637B43F002036373E5B1A5602B683C
:10CC80009D4209D16B68C4E900531C606C6012E0DE
:10CC90006A689A42F6D01B68002BF3D094F90E20F4
:10CCA00093F90E108A42F3D09142F1DD5A68C4E93B
:10CCB000003214605C6038BD10B5EFF3118420239E
:10CCC00083F31288BFF36F8FFEF74EFB84F3118856
:10CCD000BFF36F8F10BD10B50446183000F077F821
:10CCE000EFF31181202383F31288BFF36F8F627BF0
:10CCF00012F0100204D081F31188BFF36F8F10BDC2
:10CD00002046BDE81040FEF763BB38B50446EFF39C
:10CD10001185202383F31288BFF36F8F437B13F0B9
:10CD2000280F0BD183680BB1FFF794FF637B51B9D8
:10CD300003F0FB0320466373FEF716FB85F31188AF
:10CD4000BFF36F8F38BD03F0EB03F3E70121183811
:10CD5000FFF7DBBF38B5EFF31185202383F312888B
:10CD6000BFF36F8F0468A0420DD034B12046FFF7A7
:10CD700071FF04F1180000F02AF885F31188BFF361
:10CD80006F8F204638BD0024F7E7EFF31181202292
:10CD900082F31288BFF36F8F027BD2070CD581F329
:10CDA0001188BFF36F8F002383F31188BFF36F8F58
:10CDB0000423184602DF7047437B1B0704D581F329
:10CDC0001188BFF36F8F70470122FEF701BB10B5CA
:10CDD000EFF31184202282F31288BFF36F8F036870
:10CDE0003BB1FEF7DFFD002084F31188BFF36F8FA6
:10CDF00010BD6FF01500F7E708B5FEF7F1FE08BDAE
:10CE00000A44431E914200D1704710B511F8014BFE
:10CE1000914203F8014FF9D110BD024403469342F9
:10CE200000D1704703F8011BF9E70246014410B531
:10CE30008A42134603D01C780132002CF8D1181A0C
:10CE400010BDF0B5C3F13707044603F01F031046C9
:10CE5000FFB2082BE6B232D0102B3DD06508A408F3
:10CE600045EAC17544EA81748A082D1942EB5102E2
:10CE7000290941EA02716D1842EB1212290A41EAAE
:10CE800002616D1842EB1222290C41EA02416D1831
:10CE900042EB1242AD1842F10002EC0844EA42743F
:10CEA000D10804EB8402A6EB4205EDB2092D0CD9A2
:10CEB0000134A5F10A0541F10001EDB212E0E408E8
:10CEC00006F0070544EA4174C908303554EA010206
:10CED00000F8015BBDD1F0BD240906F00F0544EA5E
:10CEE00001740909092D84BFED19EDB2EDE70000C9
:10CEF0000148006870470000F4C8002048B2FF7F76
:10CF00000100000011910000000000005D9F000082
:10CF100000000000319200006CCF000011AF000053
:10CF200000000000E594000080CF00001FC9000051
:10CF3000A8CF000001C9000094CF00009594000024
:10CF4000000000003D9D0000000000000D9F00005B
:10CF500000000000ED900000000000002DCA00005D
:10CF600000000000359100000000000010D5000016
:10CF700028D2000038D20000B0C6002030C90020FE
:10CF80001BD5000054D200006CD20000B2C60020B5
:10CF900084C900202FD5000090D2000008D30000E3
:10CFA000B4C6002094C5002039D50000CCD20000C2
:10CFB00008D30000B6C60020B8C50020000000005D
:10CFC00091C400000000000091C4000000000000B7
:10CFD00091C400000000000091C4000000000000A7
:10CFE00091C400008DA3000033CA000000000000BF
:10CFF00091C400000000000091C40000A8CF000010
:10D000007FC8000094CF00007FC80000000000002F
:10D0100091C400000000000091C400000000000066
:10D0200091C400000000000091C400000000000056
:10D0300091C400000000000091C400000000000046
:10D0400091C400000000000091C400000000000036
:10D0500091C400000000000091C400000000000026
:10D0600091C4000000000000CD9D00000000000001
:10D0700091C400000000000091C400000000000006
:10D0800091C400000000000091C4000000000000F6
:10D0900091C400000000000091C4000000000000E6
:10D0A00091C400000000000091C4000000000000D6
:10D0B00091C400000000000091C4000000000000C6
:10D0C00091C400000000000091C4000000000000B6
:10D0D00091C400000000000091C4000000000000A6
:10D0E00091C400000000000091C400000000000096
:10D0F00091C400000000000091C400000000000086
:10D1000091C400000000000091C4000045AC000084
:10D1100033CA00000000000091C4000000000000BD
:10D1200091C400000000000091C400000000000055
:10D1300091C400000000000091C400000000000045
:10D1400091C4000039AC000033CA000000000000A8
:10D1500091C400000000000091C400000000000025
:10D1600091C400000000000091C400000000000015
:10D1700091C400000000000091C400000000000005
:10D1800091C400000000000091C4000000000000F5
:10D1900091C400000000000091C4000000000000E5
:10D1A00091C400000000000091C4000000000000D5
:10D1B00091C400000000000091C4000000000000C5
:10D1C00091C40000FFFFFFFFFFFFFFFFFFFFFFFF16
:10D1D00080CF00000800000080CF000007000100A1
:10D1E0000338FDD87047000080C500200000000013
:10D1F0000600010002000000FCD100000000000059
:10D2000001D5000006000000E0FF0F0068C5002007
:10D2100009D5000021000000E0FF0320B9910000C3
:10D22000899100000000000009930000FD910000BA
:10D2300045C600004BC6000089920000C3C500002F
:10D2400025C60000000000005FC5000000000000CF
:10D2500000000000FFFFFFFF0025844000000000E9
:10D26000000000000010034001000000699500006C
:10D2700057C6000063C6000077C6000081C60000E4
:10D280008BC60000E59600009FC60000000000006D
:10D29000009000400100000000000000B0D200003B
:10D2A0000000D6010000000086CA002085CA0020C8
:10D2B00000900040BCD2000001000000C4D2000079
:10D2C000020000001800000017000001008000406C
:10D2D0000100000000000000ECD200000000D601B8
:10D2E00000000000A8CA0020A7CA0020008000405B
:10D2F000F8D200000100000000D30000020000008E
:10D30000090000000600000125C700005599000033
:10D3100017C700003DC900004BC7000073C70000DD
:10D32000A7C70000B7C70000E5C70000F1C70000AD
:10D33000B7C70000D5C70000FDC700000BC800003C
:10D3400019C800004FC8000053C8000004CF0000F7
:10D3500004CF000044CF00004CCF00006CCF000091
:10D360006CCF000055415254302064657669636586
:10D37000206E6F7420666F756E64210055415254A3
:10D38000302064657669636520646F6573206E6F15
:10D390007420737570706F727420696E7465727228
:10D3A0007570742D64726976656E204150490A006B
:10D3B000554152543120646576696365206E6F74FF
:10D3C00020666F756E6421005541525431206465AA
:10D3D0007669636520646F6573206E6F7420737562
:10D3E00070706F727420696E746572727570742DCE
:10D3F00064726976656E204150490A005541525465
:10D40000303A20577269746520736F6D657468696E
:10D410006E6720616E6420616E6420707265737344
:10D4200020656E74657220746F2073656E6420745D
:10D430006F2075617274313A0D0A005541525431B2
:10D440003A20577269746520736F6D657468696EF0
:10D450006720616E6420616E642070726573732052
:10D46000656E74657220746F2073656E6420746FCE
:10D470002075617274303A0D0A006D73736720660F
:10D48000726F6D2075617274313A20006D7373672D
:10D490002066726F6D2075617274303A20002A2AFE
:10D4A0002A20426F6F74696E67206E524620436F68
:10D4B0006E6E6563742053444B2076322E382E30C6
:10D4C0002D613233383662666338343031202A2A8F
:10D4D0002A0A002A2A2A205573696E67205A657025
:10D4E000687972204F532076332E372E39392D30FC
:10D4F0006263333339336662313132202A2A2A0A91
:10D5000000464C4153485F30005352414D5F30005C
:10D51000636C6F636B4035303030006770696F400B
:10D520003834323530300000010203040506077537
:10D530006172744039303030007561727440383037
:10D540003030006D61696E00286E756C6C29002AA0
:10D55000666C6F61742A0000519F0000000000009B
:10D56000FFFFFFFFFFFFFFFFFFFFFFFFFFFFFFFFCB
:10D57000FFFFFFFFFFFFFFFF9DC200000000000054
:10D580002BC500000000000000000000A4C5002022
:10D59000000000000000000000000000000000008B
:10D5A0000000000087CA00202000000000000000EA
:10D5B000C8C50020000000000000000000000000BE
:10D5C0000000000000000000A9CA002020000000A8
:10D5D00000000000FFFF000000000000000000004D
:10D5E000000000000000000000000000000000003B
:10D5F000000000000000000000000000000000002B
:10D60000000000000000000000000000000000001A
:10D61000000000000000000000000000000000000A
:10D62000000000000000000008000000FF000000F3
:10D6300000000000010000000000000000000000E9
:10D6400000000000000000000000000000000000DA
:10D6500000000000000000000000000000000000CA
:10D6600000000000000000000000000000000000BA
:10D6700000000000000000000000000000000000AA
:10D680000000000000000000000000000800000092
:10D69000FF0000000000000001000000000000008A
:10D6A000A8C60020A8C6002000000000000000005E
:10D6B0000000000010D80020000200000000000060
:10D6C00000000000CCC60020CCC6002000000000F6
:10D6D000000000000E000000E0C60020E0C60020B0
:10D6E000200000000A00000050DB002090DC002039
:10D6F00050DB002050DB0020000000000000000094
:10D7000008C7002008C70020200000000A00000011
:10D7100010DA002050DB002010DA002010DA0020A0
:0CD72000000000000000000015E015E013
:00000001FF
